Welcome to Ubuntu 24.04.1 LTS (GNU/Linux 6.8.0-85-generic x86_64)

 * Documentation:  https://help.ubuntu.com
 * Management:     https://landscape.canonical.com
 * Support:        https://ubuntu.com/pro

 System information as of Thu Nov  6 08:43:19 UTC 2025

  System load:  0.77                Temperature:           51.0 C
  Usage of /:   36.5% of 893.20GB   Processes:             178
  Memory usage: 40%                 Users logged in:       0
  Swap usage:   0%                  IPv4 address for eth0: 10.33.10.109

 * Strictly confined Kubernetes makes edge and IoT secure. Learn how MicroK8s
   just raised the bar for easy, resilient and secure K8s cluster deployment.

   https://ubuntu.com/engage/secure-kubernetes-at-the-edge

Expanded Security Maintenance for Applications is not enabled.

135 updates can be applied immediately.
To see these additional updates run: apt list --upgradable

4 additional security updates can be applied with ESM Apps.
Learn more about enabling ESM Apps service at https://ubuntu.com/esm


--
-- PostgreSQL database dump
--

\restrict E5NgkLGvzgRNNd2kNSEGKgzWaySEC87QqvcCbaCJT4UWbiVTYmmmJhccqvgHPb2

-- Dumped from database version 16.10
-- Dumped by pg_dump version 16.10

SET statement_timeout = 0;
SET lock_timeout = 0;
SET idle_in_transaction_session_timeout = 0;
SET client_encoding = 'UTF8';
SET standard_conforming_strings = on;
SELECT pg_catalog.set_config('search_path', '', false);
SET check_function_bodies = false;
SET xmloption = content;
SET client_min_messages = warning;
SET row_security = off;

--
-- Data for Name: demo_users; Type: TABLE DATA; Schema: public; Owner: reg_ml_demo
--

SET SESSION AUTHORIZATION DEFAULT;

ALTER TABLE public.demo_users DISABLE TRIGGER ALL;

COPY public.demo_users (id, email, password_hash, organization, full_name, "position", mobile, country, email_verified, verification_token, verification_sent_at, verified_at, password_reset_token, password_reset_sent_at, role, created_at, last_login, updated_at, is_active, deactivated_at, ip_address_signup, user_agent) FROM stdin;
1	admin@enms-demo.local	$2b$12$LQv3c1yqBWVHxkd0LHAkCOYz6TtxMQJqhN8/LQv3c1yqBWVHxkd0L	ENMS Demo Team	System Administrator	Administrator	+1234567890	United States	t	\N	\N	2025-11-04 11:30:06.629498+00	\N	\N	admin	2025-11-04 11:30:06.629498+00	\N	2025-11-04 11:30:06.629498+00	t	\N	127.0.0.1	\N
2	testuser@example.com	$2b$12$5/gWlXielQvfT8M1d925/uriGcG9NXNEsh3bq/gPpNnxKpxLBMVOG	Test Org	Test User	Developer		USA	f	WnjK7NnlUCwtjcL2IXrzuTMSMua6dFLIOg8jKoUkPr4	2025-11-04 14:09:19.250922+00	\N	\N	\N	user	2025-11-04 14:09:19.250922+00	\N	2025-11-04 14:09:19.250922+00	t	\N	\N	\N
4	umut.ogur@aartimuhendislik.com	$2b$12$WT8T7CWWwW2jSSZwbyo4deAIbVUJIjUnr.nnaCpogi8qu2jpCzAGC	A Arti Muhendislik	Umut	Ogur	+905336042433	Turkey	f	L8VU_bA2p0Jv-_5e-X1w5J8YetGnPDZ1mHJxNJVglA0	2025-11-04 15:47:24.179331+00	\N	\N	\N	user	2025-11-04 15:47:24.179331+00	\N	2025-11-04 15:47:24.179331+00	t	\N	\N	\N
5	swe.jarad@gmail.com	$2b$12$LKoNLahu6qzVCBDCj3Iqg.pvm1eqKZAc7jBo73M0pF4AdcOkpvmja	Home	Mohamad Jarad	dev	admin	Czech Republic	f	ewt1Y_H1_VM-kzxhoJtUMgiRAy5iaqW0Ka_F0yLPuu4	2025-11-05 06:04:47.978398+00	\N	\N	\N	user	2025-11-05 06:04:47.978398+00	\N	2025-11-05 06:04:47.978398+00	t	\N	\N	\N
6	m.n.23052025@gmail.com	$2b$12$nl9NTsk/BnXVAas3eNka7.d0cpC.NxYRqv.4oGCNS4S.JAwyJNqRq	Home	Mohamad Jarad	dev	99	Syria	t	\N	2025-11-05 07:08:35.212129+00	2025-11-05 07:10:46.659479+00	\N	\N	user	2025-11-05 07:08:35.212129+00	2025-11-05 07:11:17.318334+00	2025-11-05 07:11:17.318334+00	t	\N	188.119.37.155	Mozilla/5.0 (Windows NT 10.0; Win64; x64) AppleWebKit/537.36 (KHTML, like Gecko) Chrome/141.0.0.0 Safari/537.36
3	swe.mohamad.jarad@gmail.com	$2b$12$FzzWuXYnGr03ALpfkxWiBe32pUxXQVvG9KQuAyXA6PhhA83tERPRq	Home	Mohamad Jarad	de	swe.mohamad.jarad@gmail.com	Denmark	t	6dJvc75oaNUnb4qXHizDM2yVhFFDy5X27RrxmqvfzHg	2025-11-04 14:29:11.625374+00	2025-11-04 14:42:26.999588+00	\N	\N	user	2025-11-04 14:29:11.625374+00	2025-11-05 07:51:17.234351+00	2025-11-05 07:51:17.234351+00	t	\N	\N	\N
7	alper.tuna@aartimuhendislik.com	$2b$12$4WWSDoN5sts1J8z6TX3Uj.dR.s9z8BxZ7Hwv8qWxnSaPHFmYka1HG	Alper	Alper	Engineer	+90123456789	Turkey	t	\N	2025-11-05 13:39:36.132356+00	2025-11-05 13:39:51.00362+00	\N	\N	user	2025-11-05 13:39:36.132356+00	2025-11-05 13:59:56.588955+00	2025-11-05 13:59:56.588955+00	t	\N	188.119.37.155	Mozilla/5.0 (X11; Linux x86_64) AppleWebKit/537.36 (KHTML, like Gecko) Chrome/142.0.0.0 Safari/537.36
\.


ALTER TABLE public.demo_users ENABLE TRIGGER ALL;

--
-- Data for Name: devices; Type: TABLE DATA; Schema: public; Owner: reg_ml_demo
--

ALTER TABLE public.devices DISABLE TRIGGER ALL;

COPY public.devices (device_id, device_model, shelly_id, api_ip, api_key, friendly_name, location, notes, printer_size_category, simplyprint_id, last_seen, sp_company_id, sp_api_key, gcode_preview_host, gcode_preview_api_key, bed_width, bed_depth) FROM stdin;
environment	SensorSource	\N	\N	\N	General Environment	FactoryFloor	Represents general ambient sensor readings	\N	\N	\N	\N	\N	\N	\N	\N	\N
anycubic_kobra2_1	Anycubic Kobra 2	\N	\N	\N	Demo Anycubic Kobra 2	Demo Lab	\N	Standard	\N	\N	\N	\N	\N	\N	\N	\N
anycubic_kobra_max_1	Anycubic Kobra Max	\N	\N	\N	Demo Anycubic Kobra Max	Demo Lab	\N	Large	\N	\N	\N	\N	\N	\N	\N	\N
anycubic_vyper_1	Anycubic Vyper	\N	\N	\N	Demo Anycubic Vyper	Demo Lab	\N	Standard	\N	\N	\N	\N	\N	\N	\N	\N
artillery_genius_pro_1	Artillery Genius Pro	\N	\N	\N	Demo Artillery Genius Pro	Demo Lab	\N	Standard	\N	\N	\N	\N	\N	\N	\N	\N
artillery_sidewinder_x2_1	Artillery Sidewinder X2	\N	\N	\N	Demo Artillery Sidewinder X2	Demo Lab	\N	Large	\N	\N	\N	\N	\N	\N	\N	\N
artillery_sidewinder_x4_plus_1	Artillery Sidewinder X4 Plus	\N	\N	\N	Demo Artillery Sidewinder X4+	Demo Lab	\N	Large	\N	\N	\N	\N	\N	\N	\N	\N
bambu_p1p_1	Bambu Lab P1P	\N	\N	\N	Demo Bambu P1P	Demo Lab	\N	Standard	\N	\N	\N	\N	\N	\N	\N	\N
bambu_p1s_1	Bambu Lab P1S	\N	\N	\N	Demo Bambu P1S	Demo Lab	\N	Standard	\N	\N	\N	\N	\N	\N	\N	\N
bambu_x1_carbon_1	Bambu Lab X1 Carbon	\N	\N	\N	Demo Bambu X1 Carbon	Demo Lab	\N	Standard	\N	\N	\N	\N	\N	\N	\N	\N
creality_cr10_smart_pro_1	Creality CR-10 Smart Pro	\N	\N	\N	Demo CR-10 Smart Pro	Demo Lab	\N	Large	\N	\N	\N	\N	\N	\N	\N	\N
creality_ender3_v2_1	Creality Ender 3 V2	\N	\N	\N	Demo Ender 3 V2	Demo Lab	\N	Standard	\N	\N	\N	\N	\N	\N	\N	\N
creality_ender5_s1_1	Creality Ender 5 S1	\N	\N	\N	Demo Ender 5 S1	Demo Lab	\N	Standard	\N	\N	\N	\N	\N	\N	\N	\N
creality_k1_max_1	Creality K1 Max	\N	\N	\N	Demo K1 Max	Demo Lab	\N	Large	\N	\N	\N	\N	\N	\N	\N	\N
elegoo_neptune3_pro_1	Elegoo Neptune 3 Pro	\N	\N	\N	Demo Neptune 3 Pro	Demo Lab	\N	Standard	\N	\N	\N	\N	\N	\N	\N	\N
elegoo_neptune4_pro_1	Elegoo Neptune 4 Pro	\N	\N	\N	Demo Neptune 4 Pro	Demo Lab	\N	Standard	\N	\N	\N	\N	\N	\N	\N	\N
flashforge_adventurer_5m_1	FlashForge Adventurer 5M	\N	\N	\N	Demo Adventurer 5M	Demo Lab	\N	Standard	\N	\N	\N	\N	\N	\N	\N	\N
flsun_qqs_pro_1	FLSUN QQ-S Pro	\N	\N	\N	Demo QQ-S Pro	Demo Lab	\N	Standard	\N	\N	\N	\N	\N	\N	\N	\N
kingroon_kp3s_pro_1	Kingroon KP3S Pro	\N	\N	\N	Demo KP3S Pro	Demo Lab	\N	Mini	\N	\N	\N	\N	\N	\N	\N	\N
prusa_mini_plus_1	Prusa Mini+	\N	\N	\N	Demo Prusa Mini+ 1	Demo Lab	\N	Mini	\N	\N	\N	\N	\N	\N	\N	\N
prusa_mini_plus_2	Prusa Mini+	\N	\N	\N	Demo Prusa Mini+ 2	Demo Lab	\N	Mini	\N	\N	\N	\N	\N	\N	\N	\N
prusa_mk3s_plus_1	Prusa MK3S+	\N	\N	\N	Demo Prusa MK3S+	Demo Lab	\N	Standard	\N	\N	\N	\N	\N	\N	\N	\N
prusa_mk4_1	Prusa MK4	\N	\N	\N	Demo Prusa MK4 1	Demo Lab	\N	Standard	\N	\N	\N	\N	\N	\N	\N	\N
prusa_mk4_2	Prusa MK4	\N	\N	\N	Demo Prusa MK4 2	Demo Lab	\N	Standard	\N	\N	\N	\N	\N	\N	\N	\N
prusa_mk4_3	Prusa MK4	\N	\N	\N	Demo Prusa MK4 3	Demo Lab	\N	Standard	\N	\N	\N	\N	\N	\N	\N	\N
prusa_xl_1	Prusa XL	\N	\N	\N	Demo Prusa XL 1	Demo Lab	\N	Large	\N	\N	\N	\N	\N	\N	\N	\N
prusa_xl_2	Prusa XL	\N	\N	\N	Demo Prusa XL 2	Demo Lab	\N	Large	\N	\N	\N	\N	\N	\N	\N	\N
qidi_xmax3_1	Qidi X-Max 3	\N	\N	\N	Demo Qidi X-Max 3	Demo Lab	\N	Large	\N	\N	\N	\N	\N	\N	\N	\N
sovol_sv06_plus_1	Sovol SV06 Plus	\N	\N	\N	Demo Sovol SV06+	Demo Lab	\N	Standard	\N	\N	\N	\N	\N	\N	\N	\N
sovol_sv07_1	Sovol SV07	\N	\N	\N	Demo Sovol SV07	Demo Lab	\N	Standard	\N	\N	\N	\N	\N	\N	\N	\N
voron_24_1	Voron 2.4	\N	\N	\N	Demo Voron 2.4	Demo Lab	\N	Large	\N	\N	\N	\N	\N	\N	\N	\N
voron_switchwire_1	Voron Switchwire	\N	\N	\N	Demo Voron Switchwire	Demo Lab	\N	Standard	\N	\N	\N	\N	\N	\N	\N	\N
voron_trident_1	Voron Trident	\N	\N	\N	Demo Voron Trident	Demo Lab	\N	Large	\N	\N	\N	\N	\N	\N	\N	\N
\.


ALTER TABLE public.devices ENABLE TRIGGER ALL;

--
-- Data for Name: print_jobs; Type: TABLE DATA; Schema: public; Owner: reg_ml_demo
--

ALTER TABLE public.print_jobs DISABLE TRIGGER ALL;

COPY public.print_jobs (job_id, device_id, simplyprint_job_id, start_time, end_time, duration_seconds, status, filename, filament_used_g, kwh_consumed, gcode_analysis_data, start_energy_wh, session_energy_wh, thumbnail_url, dpp_pdf_url, per_part_analysis, part_metadata, nozzle_diameter, filament_diameter) FROM stdin;
1840	voron_switchwire_1	\N	2025-11-05 13:02:43.532378+00	2025-11-05 13:11:44.532378+00	541	completed	prototype_v2.gcode	2.30	0.0158	{"object_name": "Prototype V2", "dimensions_x": 60, "dimensions_y": 70, "dimensions_z": 40, "total_layers": 180, "layer_height_mm": 0.2, "estimated_time_seconds": 541, "infill_density_percent": 25}	\N	\N	\N	/dpp_reports/dpp_job_demo_5958.pdf	\N	\N	\N	\N
1841	flashforge_adventurer_5m_1	\N	2025-11-05 13:03:29.078473+00	2025-11-05 13:12:20.078473+00	531	completed	enclosure_part.gcode	2.20	0.0155	{"object_name": "Enclosure Part", "dimensions_x": 60, "dimensions_y": 70, "dimensions_z": 40, "total_layers": 280, "layer_height_mm": 0.15, "estimated_time_seconds": 531, "infill_density_percent": 22}	\N	\N	\N	/dpp_reports/dpp_job_demo_5082.pdf	\N	\N	\N	\N
1842	voron_24_1	\N	2025-11-05 13:04:09.276915+00	2025-11-05 13:12:40.276915+00	511	completed	demo_model.gcode	2.10	0.0149	{"object_name": "Demo Model", "dimensions_x": 60, "dimensions_y": 70, "dimensions_z": 40, "total_layers": 150, "layer_height_mm": 0.2, "estimated_time_seconds": 511, "infill_density_percent": 18}	\N	\N	\N	/dpp_reports/dpp_job_demo_183.pdf	\N	\N	\N	\N
1843	prusa_mini_plus_2	\N	2025-11-05 13:04:49.375159+00	2025-11-05 13:14:20.375159+00	571	completed	demo_model.gcode	2.40	0.0167	{"object_name": "Demo Model", "dimensions_x": 60, "dimensions_y": 70, "dimensions_z": 40, "total_layers": 150, "layer_height_mm": 0.2, "estimated_time_seconds": 571, "infill_density_percent": 18}	\N	\N	\N	/dpp_reports/dpp_job_demo_1146.pdf	\N	\N	\N	\N
1844	bambu_x1_carbon_1	\N	2025-11-05 13:06:45.291525+00	2025-11-05 13:15:20.291525+00	515	completed	test_print.gcode	2.10	0.0150	{"object_name": "Test Print", "dimensions_x": 60, "dimensions_y": 70, "dimensions_z": 40, "total_layers": 120, "layer_height_mm": 0.2, "estimated_time_seconds": 515, "infill_density_percent": 20}	\N	\N	\N	/dpp_reports/dpp_job_demo_2224.pdf	\N	\N	\N	\N
1845	creality_ender5_s1_1	\N	2025-11-05 13:06:34.555086+00	2025-11-05 13:15:50.555086+00	556	completed	bracket_mount.gcode	2.30	0.0162	{"object_name": "Bracket Mount", "dimensions_x": 60, "dimensions_y": 70, "dimensions_z": 40, "total_layers": 140, "layer_height_mm": 0.2, "estimated_time_seconds": 556, "infill_density_percent": 35}	\N	\N	\N	/dpp_reports/dpp_job_demo_9024.pdf	\N	\N	\N	\N
1846	artillery_sidewinder_x4_plus_1	\N	2025-11-05 13:07:14.836886+00	2025-11-05 13:15:59.836886+00	525	completed	enclosure_part.gcode	2.20	0.0153	{"object_name": "Enclosure Part", "dimensions_x": 60, "dimensions_y": 70, "dimensions_z": 40, "total_layers": 280, "layer_height_mm": 0.15, "estimated_time_seconds": 525, "infill_density_percent": 22}	\N	\N	\N	/dpp_reports/dpp_job_demo_2068.pdf	\N	\N	\N	\N
1847	anycubic_kobra2_1	\N	2025-11-05 13:10:55.187808+00	2025-11-05 13:19:47.187808+00	532	completed	test_print.gcode	2.20	0.0155	{"object_name": "Test Print", "dimensions_x": 60, "dimensions_y": 70, "dimensions_z": 40, "total_layers": 120, "layer_height_mm": 0.2, "estimated_time_seconds": 532, "infill_density_percent": 20}	\N	\N	\N	/dpp_reports/dpp_job_demo_5199.pdf	\N	\N	\N	\N
1848	creality_cr10_smart_pro_1	\N	2025-11-05 13:12:20.529492+00	2025-11-05 13:20:52.529492+00	512	completed	test_print.gcode	2.10	0.0149	{"object_name": "Test Print", "dimensions_x": 60, "dimensions_y": 70, "dimensions_z": 40, "total_layers": 120, "layer_height_mm": 0.2, "estimated_time_seconds": 512, "infill_density_percent": 20}	\N	\N	\N	/dpp_reports/dpp_job_demo_2059.pdf	\N	\N	\N	\N
1849	flashforge_adventurer_5m_1	\N	2025-11-05 13:13:19.898302+00	2025-11-05 13:21:16.898302+00	477	completed	prototype_v2.gcode	2.00	0.0139	{"object_name": "Prototype V2", "dimensions_x": 60, "dimensions_y": 70, "dimensions_z": 40, "total_layers": 180, "layer_height_mm": 0.2, "estimated_time_seconds": 477, "infill_density_percent": 25}	\N	\N	\N	/dpp_reports/dpp_job_demo_2591.pdf	\N	\N	\N	\N
1850	elegoo_neptune3_pro_1	\N	2025-11-05 13:12:35.700907+00	2025-11-05 13:21:36.700907+00	541	completed	test_print.gcode	2.30	0.0158	{"object_name": "Test Print", "dimensions_x": 60, "dimensions_y": 70, "dimensions_z": 40, "total_layers": 120, "layer_height_mm": 0.2, "estimated_time_seconds": 541, "infill_density_percent": 20}	\N	\N	\N	/dpp_reports/dpp_job_demo_1343.pdf	\N	\N	\N	\N
1851	voron_trident_1	\N	2025-11-05 13:12:55.55835+00	2025-11-05 13:21:51.55835+00	536	completed	benchy.gcode	2.20	0.0156	{"object_name": "Benchy", "dimensions_x": 60, "dimensions_y": 70, "dimensions_z": 40, "total_layers": 240, "layer_height_mm": 0.2, "estimated_time_seconds": 536, "infill_density_percent": 20}	\N	\N	\N	/dpp_reports/dpp_job_demo_5720.pdf	\N	\N	\N	\N
1852	kingroon_kp3s_pro_1	\N	2025-11-05 13:14:35.757068+00	2025-11-05 13:22:31.757068+00	476	completed	calibration_cube.gcode	2.00	0.0139	{"object_name": "Calibration Cube", "dimensions_x": 60, "dimensions_y": 70, "dimensions_z": 40, "total_layers": 100, "layer_height_mm": 0.2, "estimated_time_seconds": 476, "infill_density_percent": 15}	\N	\N	\N	/dpp_reports/dpp_job_demo_425.pdf	\N	\N	\N	\N
1853	bambu_p1p_1	\N	2025-11-05 13:14:16.222187+00	2025-11-05 13:23:12.222187+00	536	completed	benchy.gcode	2.20	0.0156	{"object_name": "Benchy", "dimensions_x": 60, "dimensions_y": 70, "dimensions_z": 40, "total_layers": 240, "layer_height_mm": 0.2, "estimated_time_seconds": 536, "infill_density_percent": 20}	\N	\N	\N	/dpp_reports/dpp_job_demo_7160.pdf	\N	\N	\N	\N
1854	qidi_xmax3_1	\N	2025-11-05 13:14:45.222187+00	2025-11-05 13:23:12.222187+00	507	completed	bracket_mount.gcode	2.10	0.0148	{"object_name": "Bracket Mount", "dimensions_x": 60, "dimensions_y": 70, "dimensions_z": 40, "total_layers": 140, "layer_height_mm": 0.2, "estimated_time_seconds": 507, "infill_density_percent": 35}	\N	\N	\N	/dpp_reports/dpp_job_demo_8531.pdf	\N	\N	\N	\N
1855	artillery_sidewinder_x4_plus_1	\N	2025-11-05 13:16:40.301344+00	2025-11-05 13:25:12.301344+00	512	completed	prototype_v2.gcode	2.10	0.0149	{"object_name": "Prototype V2", "dimensions_x": 60, "dimensions_y": 70, "dimensions_z": 40, "total_layers": 180, "layer_height_mm": 0.2, "estimated_time_seconds": 512, "infill_density_percent": 25}	\N	\N	\N	/dpp_reports/dpp_job_demo_7072.pdf	\N	\N	\N	\N
1856	elegoo_neptune4_pro_1	\N	2025-11-05 13:17:15.916123+00	2025-11-05 13:25:35.916123+00	500	completed	functional_part.gcode	2.10	0.0146	{"object_name": "Functional Part", "dimensions_x": 60, "dimensions_y": 70, "dimensions_z": 40, "total_layers": 200, "layer_height_mm": 0.15, "estimated_time_seconds": 500, "infill_density_percent": 30}	\N	\N	\N	/dpp_reports/dpp_job_demo_9715.pdf	\N	\N	\N	\N
1857	creality_k1_max_1	\N	2025-11-05 13:18:01.835755+00	2025-11-05 13:26:35.835755+00	514	completed	test_print.gcode	2.10	0.0150	{"object_name": "Test Print", "dimensions_x": 60, "dimensions_y": 70, "dimensions_z": 40, "total_layers": 120, "layer_height_mm": 0.2, "estimated_time_seconds": 514, "infill_density_percent": 20}	\N	\N	\N	/dpp_reports/dpp_job_demo_4428.pdf	\N	\N	\N	\N
1858	creality_ender5_s1_1	\N	2025-11-05 13:19:57.296818+00	2025-11-05 13:28:36.296818+00	519	completed	benchy.gcode	2.20	0.0151	{"object_name": "Benchy", "dimensions_x": 60, "dimensions_y": 70, "dimensions_z": 40, "total_layers": 240, "layer_height_mm": 0.2, "estimated_time_seconds": 519, "infill_density_percent": 20}	\N	\N	\N	/dpp_reports/dpp_job_demo_1320.pdf	\N	\N	\N	\N
1920	prusa_mk4_2	\N	2025-11-05 11:49:01.84936+00	2025-11-05 14:42:01.84936+00	10380	completed	calibration_cube.gcode	43.20	0.3028	{"object_name": "Calibration Cube", "dimensions_x": 60, "dimensions_y": 70, "dimensions_z": 40, "total_layers": 100, "layer_height_mm": 0.2, "estimated_time_seconds": 10380, "infill_density_percent": 15}	\N	\N	\N	/dpp_reports/dpp_job_demo_9782.pdf	\N	\N	\N	\N
1921	prusa_mini_plus_1	\N	2025-11-05 12:34:01.53717+00	2025-11-05 14:47:22.53717+00	8001	completed	enclosure_part.gcode	33.30	0.2334	{"object_name": "Enclosure Part", "dimensions_x": 60, "dimensions_y": 70, "dimensions_z": 40, "total_layers": 280, "layer_height_mm": 0.15, "estimated_time_seconds": 8001, "infill_density_percent": 22}	\N	\N	\N	/dpp_reports/dpp_job_demo_30.pdf	\N	\N	\N	\N
1922	elegoo_neptune4_pro_1	\N	2025-11-05 14:34:32.029351+00	2025-11-05 14:50:43.029351+00	971	completed	temperature_tower.gcode	4.00	0.0283	{"object_name": "Temperature Tower", "dimensions_x": 60, "dimensions_y": 70, "dimensions_z": 40, "total_layers": 320, "layer_height_mm": 0.2, "estimated_time_seconds": 971, "infill_density_percent": 15}	\N	\N	\N	/dpp_reports/dpp_job_demo_8654.pdf	\N	\N	\N	\N
1923	bambu_p1s_1	\N	2025-11-05 14:34:02.055974+00	2025-11-05 14:51:03.055974+00	1021	completed	bracket_mount.gcode	4.30	0.0298	{"object_name": "Bracket Mount", "dimensions_x": 60, "dimensions_y": 70, "dimensions_z": 40, "total_layers": 140, "layer_height_mm": 0.2, "estimated_time_seconds": 1021, "infill_density_percent": 35}	\N	\N	\N	/dpp_reports/dpp_job_demo_2442.pdf	\N	\N	\N	\N
1924	artillery_sidewinder_x2_1	\N	2025-11-05 14:36:42.196047+00	2025-11-05 14:52:13.196047+00	931	completed	benchy.gcode	3.90	0.0272	{"object_name": "Benchy", "dimensions_x": 60, "dimensions_y": 70, "dimensions_z": 40, "total_layers": 240, "layer_height_mm": 0.2, "estimated_time_seconds": 931, "infill_density_percent": 20}	\N	\N	\N	/dpp_reports/dpp_job_demo_3276.pdf	\N	\N	\N	\N
1925	prusa_xl_1	\N	2025-11-05 14:46:03.049206+00	2025-11-05 15:00:14.049206+00	851	completed	temperature_tower.gcode	3.50	0.0248	{"object_name": "Temperature Tower", "dimensions_x": 60, "dimensions_y": 70, "dimensions_z": 40, "total_layers": 320, "layer_height_mm": 0.2, "estimated_time_seconds": 851, "infill_density_percent": 15}	\N	\N	\N	/dpp_reports/dpp_job_demo_3314.pdf	\N	\N	\N	\N
1859	artillery_genius_pro_1	\N	2025-11-05 13:19:47.382603+00	2025-11-05 13:28:45.382603+00	538	completed	functional_part.gcode	2.20	0.0157	{"object_name": "Functional Part", "dimensions_x": 60, "dimensions_y": 70, "dimensions_z": 40, "total_layers": 200, "layer_height_mm": 0.15, "estimated_time_seconds": 538, "infill_density_percent": 30}	\N	\N	\N	/dpp_reports/dpp_job_demo_5471.pdf	\N	\N	\N	\N
1860	voron_switchwire_1	\N	2025-11-05 13:20:27.773814+00	2025-11-05 13:29:09.773814+00	522	completed	benchy.gcode	2.20	0.0152	{"object_name": "Benchy", "dimensions_x": 60, "dimensions_y": 70, "dimensions_z": 40, "total_layers": 240, "layer_height_mm": 0.2, "estimated_time_seconds": 522, "infill_density_percent": 20}	\N	\N	\N	/dpp_reports/dpp_job_demo_2120.pdf	\N	\N	\N	\N
1861	prusa_mini_plus_1	\N	2025-11-05 13:21:52.36698+00	2025-11-05 13:30:25.36698+00	513	completed	bracket_mount.gcode	2.10	0.0150	{"object_name": "Bracket Mount", "dimensions_x": 60, "dimensions_y": 70, "dimensions_z": 40, "total_layers": 140, "layer_height_mm": 0.2, "estimated_time_seconds": 513, "infill_density_percent": 35}	\N	\N	\N	/dpp_reports/dpp_job_demo_552.pdf	\N	\N	\N	\N
1862	bambu_p1p_1	\N	2025-11-05 13:24:01.828104+00	2025-11-05 13:32:15.828104+00	494	completed	demo_model.gcode	2.10	0.0144	{"object_name": "Demo Model", "dimensions_x": 60, "dimensions_y": 70, "dimensions_z": 40, "total_layers": 150, "layer_height_mm": 0.2, "estimated_time_seconds": 494, "infill_density_percent": 18}	\N	\N	\N	/dpp_reports/dpp_job_demo_7433.pdf	\N	\N	\N	\N
1863	prusa_xl_1	\N	2025-11-05 13:23:57.231354+00	2025-11-05 13:32:24.231354+00	507	completed	test_print.gcode	2.10	0.0148	{"object_name": "Test Print", "dimensions_x": 60, "dimensions_y": 70, "dimensions_z": 40, "total_layers": 120, "layer_height_mm": 0.2, "estimated_time_seconds": 507, "infill_density_percent": 20}	\N	\N	\N	/dpp_reports/dpp_job_demo_4985.pdf	\N	\N	\N	\N
1926	bambu_x1_carbon_1	\N	2025-11-05 14:47:23.409258+00	2025-11-05 15:03:24.409258+00	961	completed	bracket_mount.gcode	4.00	0.0280	{"object_name": "Bracket Mount", "dimensions_x": 60, "dimensions_y": 70, "dimensions_z": 40, "total_layers": 140, "layer_height_mm": 0.2, "estimated_time_seconds": 961, "infill_density_percent": 35}	\N	\N	\N	/dpp_reports/dpp_job_demo_9711.pdf	\N	\N	\N	\N
1927	elegoo_neptune4_pro_1	\N	2025-11-05 14:52:33.837635+00	2025-11-05 15:08:14.837635+00	941	completed	demo_model.gcode	3.90	0.0274	{"object_name": "Demo Model", "dimensions_x": 60, "dimensions_y": 70, "dimensions_z": 40, "total_layers": 150, "layer_height_mm": 0.2, "estimated_time_seconds": 941, "infill_density_percent": 18}	\N	\N	\N	/dpp_reports/dpp_job_demo_4821.pdf	\N	\N	\N	\N
1928	bambu_p1s_1	\N	2025-11-05 14:53:24.000127+00	2025-11-05 15:09:35.000127+00	971	completed	enclosure_part.gcode	4.00	0.0283	{"object_name": "Enclosure Part", "dimensions_x": 60, "dimensions_y": 70, "dimensions_z": 40, "total_layers": 280, "layer_height_mm": 0.15, "estimated_time_seconds": 971, "infill_density_percent": 22}	\N	\N	\N	/dpp_reports/dpp_job_demo_1370.pdf	\N	\N	\N	\N
1929	prusa_mini_plus_1	\N	2025-11-05 14:54:04.106974+00	2025-11-05 15:10:05.106974+00	961	completed	benchy.gcode	4.00	0.0280	{"object_name": "Benchy", "dimensions_x": 60, "dimensions_y": 70, "dimensions_z": 40, "total_layers": 240, "layer_height_mm": 0.2, "estimated_time_seconds": 961, "infill_density_percent": 20}	\N	\N	\N	/dpp_reports/dpp_job_demo_1779.pdf	\N	\N	\N	\N
1930	artillery_sidewinder_x2_1	\N	2025-11-05 14:58:14.483115+00	2025-11-05 15:13:25.483115+00	911	completed	enclosure_part.gcode	3.80	0.0266	{"object_name": "Enclosure Part", "dimensions_x": 60, "dimensions_y": 70, "dimensions_z": 40, "total_layers": 280, "layer_height_mm": 0.15, "estimated_time_seconds": 911, "infill_density_percent": 22}	\N	\N	\N	/dpp_reports/dpp_job_demo_4455.pdf	\N	\N	\N	\N
1931	prusa_xl_1	\N	2025-11-05 15:01:44.878114+00	2025-11-05 15:17:15.878114+00	931	completed	calibration_cube.gcode	3.90	0.0272	{"object_name": "Calibration Cube", "dimensions_x": 60, "dimensions_y": 70, "dimensions_z": 40, "total_layers": 100, "layer_height_mm": 0.2, "estimated_time_seconds": 931, "infill_density_percent": 15}	\N	\N	\N	/dpp_reports/dpp_job_demo_1423.pdf	\N	\N	\N	\N
1932	elegoo_neptune4_pro_1	\N	2025-11-05 15:11:06.013865+00	2025-11-05 15:26:07.013865+00	901	completed	temperature_tower.gcode	3.80	0.0263	{"object_name": "Temperature Tower", "dimensions_x": 60, "dimensions_y": 70, "dimensions_z": 40, "total_layers": 320, "layer_height_mm": 0.2, "estimated_time_seconds": 901, "infill_density_percent": 15}	\N	\N	\N	/dpp_reports/dpp_job_demo_9547.pdf	\N	\N	\N	\N
1933	bambu_x1_carbon_1	\N	2025-11-05 15:12:06.284824+00	2025-11-05 15:27:47.284824+00	941	completed	enclosure_part.gcode	3.90	0.0274	{"object_name": "Enclosure Part", "dimensions_x": 60, "dimensions_y": 70, "dimensions_z": 40, "total_layers": 280, "layer_height_mm": 0.15, "estimated_time_seconds": 941, "infill_density_percent": 22}	\N	\N	\N	/dpp_reports/dpp_job_demo_105.pdf	\N	\N	\N	\N
1934	voron_24_1	\N	2025-11-05 15:15:16.457342+00	2025-11-05 15:29:37.457342+00	861	completed	enclosure_part.gcode	3.60	0.0251	{"object_name": "Enclosure Part", "dimensions_x": 60, "dimensions_y": 70, "dimensions_z": 40, "total_layers": 280, "layer_height_mm": 0.15, "estimated_time_seconds": 861, "infill_density_percent": 22}	\N	\N	\N	/dpp_reports/dpp_job_demo_4768.pdf	\N	\N	\N	\N
1935	prusa_mini_plus_1	\N	2025-11-05 15:19:16.831155+00	2025-11-05 15:35:57.831155+00	1001	completed	bracket_mount.gcode	4.20	0.0292	{"object_name": "Bracket Mount", "dimensions_x": 60, "dimensions_y": 70, "dimensions_z": 40, "total_layers": 140, "layer_height_mm": 0.2, "estimated_time_seconds": 1001, "infill_density_percent": 35}	\N	\N	\N	/dpp_reports/dpp_job_demo_5496.pdf	\N	\N	\N	\N
1936	bambu_p1s_1	\N	2025-11-05 15:21:46.969824+00	2025-11-05 15:37:17.969824+00	931	completed	enclosure_part.gcode	3.90	0.0272	{"object_name": "Enclosure Part", "dimensions_x": 60, "dimensions_y": 70, "dimensions_z": 40, "total_layers": 280, "layer_height_mm": 0.15, "estimated_time_seconds": 931, "infill_density_percent": 22}	\N	\N	\N	/dpp_reports/dpp_job_demo_9421.pdf	\N	\N	\N	\N
1937	prusa_mk4_2	\N	2025-11-05 15:22:37.130035+00	2025-11-05 15:39:28.130035+00	1011	completed	functional_part.gcode	4.20	0.0295	{"object_name": "Functional Part", "dimensions_x": 60, "dimensions_y": 70, "dimensions_z": 40, "total_layers": 200, "layer_height_mm": 0.15, "estimated_time_seconds": 1011, "infill_density_percent": 30}	\N	\N	\N	/dpp_reports/dpp_job_demo_3571.pdf	\N	\N	\N	\N
1938	artillery_sidewinder_x2_1	\N	2025-11-05 15:31:58.304127+00	2025-11-05 15:47:39.304127+00	941	completed	benchy.gcode	3.90	0.0274	{"object_name": "Benchy", "dimensions_x": 60, "dimensions_y": 70, "dimensions_z": 40, "total_layers": 240, "layer_height_mm": 0.2, "estimated_time_seconds": 941, "infill_density_percent": 20}	\N	\N	\N	/dpp_reports/dpp_job_demo_6299.pdf	\N	\N	\N	\N
1939	prusa_mk4_1	\N	2025-11-05 15:45:59.95045+00	2025-11-05 16:01:00.95045+00	901	completed	test_print.gcode	3.80	0.0263	{"object_name": "Test Print", "dimensions_x": 60, "dimensions_y": 70, "dimensions_z": 40, "total_layers": 120, "layer_height_mm": 0.2, "estimated_time_seconds": 901, "infill_density_percent": 20}	\N	\N	\N	/dpp_reports/dpp_job_demo_2877.pdf	\N	\N	\N	\N
1830	bambu_p1s_1	\N	2025-11-05 12:55:48.874369+00	2025-11-05 13:05:08.874369+00	560	completed	demo_model.gcode	2.30	0.0163	{"object_name": "Demo Model", "dimensions_x": 60, "dimensions_y": 70, "dimensions_z": 40, "total_layers": 150, "layer_height_mm": 0.2, "estimated_time_seconds": 560, "infill_density_percent": 18}	\N	\N	\N	/dpp_reports/dpp_job_demo_1788.pdf	\N	\N	\N	\N
1831	qidi_xmax3_1	\N	2025-11-05 12:56:53.813357+00	2025-11-05 13:05:48.813357+00	535	completed	bracket_mount.gcode	2.20	0.0156	{"object_name": "Bracket Mount", "dimensions_x": 60, "dimensions_y": 70, "dimensions_z": 40, "total_layers": 140, "layer_height_mm": 0.2, "estimated_time_seconds": 535, "infill_density_percent": 35}	\N	\N	\N	/dpp_reports/dpp_job_demo_7981.pdf	\N	\N	\N	\N
1832	artillery_genius_pro_1	\N	2025-11-05 12:57:58.497426+00	2025-11-05 13:06:44.497426+00	526	completed	bracket_mount.gcode	2.20	0.0153	{"object_name": "Bracket Mount", "dimensions_x": 60, "dimensions_y": 70, "dimensions_z": 40, "total_layers": 140, "layer_height_mm": 0.2, "estimated_time_seconds": 526, "infill_density_percent": 35}	\N	\N	\N	/dpp_reports/dpp_job_demo_8213.pdf	\N	\N	\N	\N
1833	flsun_qqs_pro_1	\N	2025-11-05 12:58:03.655368+00	2025-11-05 13:06:59.655368+00	536	completed	temperature_tower.gcode	2.20	0.0156	{"object_name": "Temperature Tower", "dimensions_x": 60, "dimensions_y": 70, "dimensions_z": 40, "total_layers": 320, "layer_height_mm": 0.2, "estimated_time_seconds": 536, "infill_density_percent": 15}	\N	\N	\N	/dpp_reports/dpp_job_demo_4194.pdf	\N	\N	\N	\N
1834	kingroon_kp3s_pro_1	\N	2025-11-05 12:57:49.655368+00	2025-11-05 13:06:59.655368+00	550	completed	functional_part.gcode	2.30	0.0160	{"object_name": "Functional Part", "dimensions_x": 60, "dimensions_y": 70, "dimensions_z": 40, "total_layers": 200, "layer_height_mm": 0.15, "estimated_time_seconds": 550, "infill_density_percent": 30}	\N	\N	\N	/dpp_reports/dpp_job_demo_1657.pdf	\N	\N	\N	\N
1940	creality_ender3_v2_1	\N	2025-11-05 15:48:40.222232+00	2025-11-05 16:03:51.222232+00	911	completed	test_print.gcode	3.80	0.0266	{"object_name": "Test Print", "dimensions_x": 60, "dimensions_y": 70, "dimensions_z": 40, "total_layers": 120, "layer_height_mm": 0.2, "estimated_time_seconds": 911, "infill_density_percent": 20}	\N	\N	\N	/dpp_reports/dpp_job_demo_4083.pdf	\N	\N	\N	\N
1941	voron_24_1	\N	2025-11-05 15:50:50.633845+00	2025-11-05 16:07:01.633845+00	971	completed	benchy.gcode	4.00	0.0283	{"object_name": "Benchy", "dimensions_x": 60, "dimensions_y": 70, "dimensions_z": 40, "total_layers": 240, "layer_height_mm": 0.2, "estimated_time_seconds": 971, "infill_density_percent": 20}	\N	\N	\N	/dpp_reports/dpp_job_demo_548.pdf	\N	\N	\N	\N
1942	elegoo_neptune4_pro_1	\N	2025-11-05 16:00:01.791569+00	2025-11-05 16:16:32.791569+00	991	completed	benchy.gcode	4.10	0.0289	{"object_name": "Benchy", "dimensions_x": 60, "dimensions_y": 70, "dimensions_z": 40, "total_layers": 240, "layer_height_mm": 0.2, "estimated_time_seconds": 991, "infill_density_percent": 20}	\N	\N	\N	/dpp_reports/dpp_job_demo_8596.pdf	\N	\N	\N	\N
1943	prusa_mk4_1	\N	2025-11-05 16:02:01.959311+00	2025-11-05 16:18:22.959311+00	981	completed	prototype_v2.gcode	4.10	0.0286	{"object_name": "Prototype V2", "dimensions_x": 60, "dimensions_y": 70, "dimensions_z": 40, "total_layers": 180, "layer_height_mm": 0.2, "estimated_time_seconds": 981, "infill_density_percent": 25}	\N	\N	\N	/dpp_reports/dpp_job_demo_3065.pdf	\N	\N	\N	\N
1944	prusa_xl_1	\N	2025-11-05 16:13:12.947764+00	2025-11-05 16:29:13.947764+00	961	completed	enclosure_part.gcode	4.00	0.0280	{"object_name": "Enclosure Part", "dimensions_x": 60, "dimensions_y": 70, "dimensions_z": 40, "total_layers": 280, "layer_height_mm": 0.15, "estimated_time_seconds": 961, "infill_density_percent": 22}	\N	\N	\N	/dpp_reports/dpp_job_demo_519.pdf	\N	\N	\N	\N
1945	voron_24_1	\N	2025-11-05 16:22:43.66589+00	2025-11-05 16:38:34.66589+00	951	completed	functional_part.gcode	4.00	0.0277	{"object_name": "Functional Part", "dimensions_x": 60, "dimensions_y": 70, "dimensions_z": 40, "total_layers": 200, "layer_height_mm": 0.15, "estimated_time_seconds": 951, "infill_density_percent": 30}	\N	\N	\N	/dpp_reports/dpp_job_demo_3601.pdf	\N	\N	\N	\N
1946	prusa_mini_plus_1	\N	2025-11-05 16:25:43.919376+00	2025-11-05 16:41:14.919376+00	931	completed	calibration_cube.gcode	3.90	0.0272	{"object_name": "Calibration Cube", "dimensions_x": 60, "dimensions_y": 70, "dimensions_z": 40, "total_layers": 100, "layer_height_mm": 0.2, "estimated_time_seconds": 931, "infill_density_percent": 15}	\N	\N	\N	/dpp_reports/dpp_job_demo_5128.pdf	\N	\N	\N	\N
1947	bambu_p1s_1	\N	2025-11-05 16:33:15.033088+00	2025-11-05 16:50:26.033088+00	1031	completed	test_print.gcode	4.30	0.0301	{"object_name": "Test Print", "dimensions_x": 60, "dimensions_y": 70, "dimensions_z": 40, "total_layers": 120, "layer_height_mm": 0.2, "estimated_time_seconds": 1031, "infill_density_percent": 20}	\N	\N	\N	/dpp_reports/dpp_job_demo_2243.pdf	\N	\N	\N	\N
1776	flsun_qqs_pro_1	\N	2025-11-05 12:04:31.861029+00	2025-11-05 12:12:59.861029+00	508	completed	temperature_tower.gcode	2.10	0.0148	{"object_name": "Temperature Tower", "dimensions_x": 60, "dimensions_y": 70, "dimensions_z": 40, "total_layers": 320, "layer_height_mm": 0.2, "estimated_time_seconds": 508, "infill_density_percent": 15}	\N	\N	\N	/dpp_reports/dpp_job_demo_2294.pdf	\N	\N	\N	\N
1777	elegoo_neptune3_pro_1	\N	2025-11-05 12:05:26.423205+00	2025-11-05 12:13:39.423205+00	493	completed	bracket_mount.gcode	2.10	0.0144	{"object_name": "Bracket Mount", "dimensions_x": 60, "dimensions_y": 70, "dimensions_z": 40, "total_layers": 140, "layer_height_mm": 0.2, "estimated_time_seconds": 493, "infill_density_percent": 35}	\N	\N	\N	/dpp_reports/dpp_job_demo_2723.pdf	\N	\N	\N	\N
1778	bambu_p1s_1	\N	2025-11-05 12:05:27.343871+00	2025-11-05 12:14:39.343871+00	552	completed	prototype_v2.gcode	2.30	0.0161	{"object_name": "Prototype V2", "dimensions_x": 60, "dimensions_y": 70, "dimensions_z": 40, "total_layers": 180, "layer_height_mm": 0.2, "estimated_time_seconds": 552, "infill_density_percent": 25}	\N	\N	\N	/dpp_reports/dpp_job_demo_9219.pdf	\N	\N	\N	\N
1779	anycubic_kobra_max_1	\N	2025-11-05 12:08:11.832979+00	2025-11-05 12:16:49.832979+00	518	completed	temperature_tower.gcode	2.20	0.0151	{"object_name": "Temperature Tower", "dimensions_x": 60, "dimensions_y": 70, "dimensions_z": 40, "total_layers": 320, "layer_height_mm": 0.2, "estimated_time_seconds": 518, "infill_density_percent": 15}	\N	\N	\N	/dpp_reports/dpp_job_demo_8076.pdf	\N	\N	\N	\N
1780	creality_k1_max_1	\N	2025-11-05 12:09:59.862421+00	2025-11-05 12:18:34.862421+00	515	completed	bracket_mount.gcode	2.10	0.0150	{"object_name": "Bracket Mount", "dimensions_x": 60, "dimensions_y": 70, "dimensions_z": 40, "total_layers": 140, "layer_height_mm": 0.2, "estimated_time_seconds": 515, "infill_density_percent": 35}	\N	\N	\N	/dpp_reports/dpp_job_demo_5914.pdf	\N	\N	\N	\N
1781	kingroon_kp3s_pro_1	\N	2025-11-05 12:10:30.630032+00	2025-11-05 12:19:24.630032+00	534	completed	test_print.gcode	2.20	0.0156	{"object_name": "Test Print", "dimensions_x": 60, "dimensions_y": 70, "dimensions_z": 40, "total_layers": 120, "layer_height_mm": 0.2, "estimated_time_seconds": 534, "infill_density_percent": 20}	\N	\N	\N	/dpp_reports/dpp_job_demo_1772.pdf	\N	\N	\N	\N
1782	creality_ender5_s1_1	\N	2025-11-05 12:15:45.216147+00	2025-11-05 12:23:16.216147+00	451	completed	enclosure_part.gcode	1.90	0.0132	{"object_name": "Enclosure Part", "dimensions_x": 60, "dimensions_y": 70, "dimensions_z": 40, "total_layers": 280, "layer_height_mm": 0.15, "estimated_time_seconds": 451, "infill_density_percent": 22}	\N	\N	\N	/dpp_reports/dpp_job_demo_5821.pdf	\N	\N	\N	\N
1783	elegoo_neptune4_pro_1	\N	2025-11-05 12:16:30.523237+00	2025-11-05 12:25:11.523237+00	521	completed	functional_part.gcode	2.20	0.0152	{"object_name": "Functional Part", "dimensions_x": 60, "dimensions_y": 70, "dimensions_z": 40, "total_layers": 200, "layer_height_mm": 0.15, "estimated_time_seconds": 521, "infill_density_percent": 30}	\N	\N	\N	/dpp_reports/dpp_job_demo_7743.pdf	\N	\N	\N	\N
1784	prusa_mk4_2	\N	2025-11-05 12:18:05.322744+00	2025-11-05 12:25:51.322744+00	466	completed	bracket_mount.gcode	1.90	0.0136	{"object_name": "Bracket Mount", "dimensions_x": 60, "dimensions_y": 70, "dimensions_z": 40, "total_layers": 140, "layer_height_mm": 0.2, "estimated_time_seconds": 466, "infill_density_percent": 35}	\N	\N	\N	/dpp_reports/dpp_job_demo_3327.pdf	\N	\N	\N	\N
1785	anycubic_vyper_1	\N	2025-11-05 12:17:39.49384+00	2025-11-05 12:25:59.49384+00	500	completed	functional_part.gcode	2.10	0.0146	{"object_name": "Functional Part", "dimensions_x": 60, "dimensions_y": 70, "dimensions_z": 40, "total_layers": 200, "layer_height_mm": 0.15, "estimated_time_seconds": 500, "infill_density_percent": 30}	\N	\N	\N	/dpp_reports/dpp_job_demo_8677.pdf	\N	\N	\N	\N
1786	prusa_mini_plus_2	\N	2025-11-05 12:17:50.275641+00	2025-11-05 12:26:28.275641+00	518	completed	benchy.gcode	2.20	0.0151	{"object_name": "Benchy", "dimensions_x": 60, "dimensions_y": 70, "dimensions_z": 40, "total_layers": 240, "layer_height_mm": 0.2, "estimated_time_seconds": 518, "infill_density_percent": 20}	\N	\N	\N	/dpp_reports/dpp_job_demo_7423.pdf	\N	\N	\N	\N
1787	flsun_qqs_pro_1	\N	2025-11-05 12:18:59.933874+00	2025-11-05 12:27:02.933874+00	483	completed	prototype_v2.gcode	2.00	0.0141	{"object_name": "Prototype V2", "dimensions_x": 60, "dimensions_y": 70, "dimensions_z": 40, "total_layers": 180, "layer_height_mm": 0.2, "estimated_time_seconds": 483, "infill_density_percent": 25}	\N	\N	\N	/dpp_reports/dpp_job_demo_1202.pdf	\N	\N	\N	\N
1788	voron_switchwire_1	\N	2025-11-05 12:20:30.129875+00	2025-11-05 12:28:58.129875+00	508	completed	benchy.gcode	2.10	0.0148	{"object_name": "Benchy", "dimensions_x": 60, "dimensions_y": 70, "dimensions_z": 40, "total_layers": 240, "layer_height_mm": 0.2, "estimated_time_seconds": 508, "infill_density_percent": 20}	\N	\N	\N	/dpp_reports/dpp_job_demo_3318.pdf	\N	\N	\N	\N
1789	artillery_sidewinder_x2_1	\N	2025-11-05 12:21:14.985713+00	2025-11-05 12:29:37.985713+00	503	completed	test_print.gcode	2.10	0.0147	{"object_name": "Test Print", "dimensions_x": 60, "dimensions_y": 70, "dimensions_z": 40, "total_layers": 120, "layer_height_mm": 0.2, "estimated_time_seconds": 503, "infill_density_percent": 20}	\N	\N	\N	/dpp_reports/dpp_job_demo_6330.pdf	\N	\N	\N	\N
1790	kingroon_kp3s_pro_1	\N	2025-11-05 12:21:20.519644+00	2025-11-05 12:29:47.519644+00	507	completed	calibration_cube.gcode	2.10	0.0148	{"object_name": "Calibration Cube", "dimensions_x": 60, "dimensions_y": 70, "dimensions_z": 40, "total_layers": 100, "layer_height_mm": 0.2, "estimated_time_seconds": 507, "infill_density_percent": 15}	\N	\N	\N	/dpp_reports/dpp_job_demo_1005.pdf	\N	\N	\N	\N
1791	voron_24_1	\N	2025-11-05 12:21:30.373353+00	2025-11-05 12:30:02.373353+00	512	completed	bracket_mount.gcode	2.10	0.0149	{"object_name": "Bracket Mount", "dimensions_x": 60, "dimensions_y": 70, "dimensions_z": 40, "total_layers": 140, "layer_height_mm": 0.2, "estimated_time_seconds": 512, "infill_density_percent": 35}	\N	\N	\N	/dpp_reports/dpp_job_demo_5660.pdf	\N	\N	\N	\N
1792	anycubic_kobra2_1	\N	2025-11-05 12:21:45.878508+00	2025-11-05 12:31:02.878508+00	557	completed	enclosure_part.gcode	2.30	0.0162	{"object_name": "Enclosure Part", "dimensions_x": 60, "dimensions_y": 70, "dimensions_z": 40, "total_layers": 280, "layer_height_mm": 0.15, "estimated_time_seconds": 557, "infill_density_percent": 22}	\N	\N	\N	/dpp_reports/dpp_job_demo_3782.pdf	\N	\N	\N	\N
1793	prusa_mk4_1	\N	2025-11-05 12:24:41.738509+00	2025-11-05 12:33:13.738509+00	512	completed	calibration_cube.gcode	2.10	0.0149	{"object_name": "Calibration Cube", "dimensions_x": 60, "dimensions_y": 70, "dimensions_z": 40, "total_layers": 100, "layer_height_mm": 0.2, "estimated_time_seconds": 512, "infill_density_percent": 15}	\N	\N	\N	/dpp_reports/dpp_job_demo_3301.pdf	\N	\N	\N	\N
1794	flashforge_adventurer_5m_1	\N	2025-11-05 12:24:41.307082+00	2025-11-05 12:33:23.307082+00	522	completed	enclosure_part.gcode	2.20	0.0152	{"object_name": "Enclosure Part", "dimensions_x": 60, "dimensions_y": 70, "dimensions_z": 40, "total_layers": 280, "layer_height_mm": 0.15, "estimated_time_seconds": 522, "infill_density_percent": 22}	\N	\N	\N	/dpp_reports/dpp_job_demo_5182.pdf	\N	\N	\N	\N
1795	bambu_p1s_1	\N	2025-11-05 12:25:01.707549+00	2025-11-05 12:33:32.707549+00	511	completed	enclosure_part.gcode	2.10	0.0149	{"object_name": "Enclosure Part", "dimensions_x": 60, "dimensions_y": 70, "dimensions_z": 40, "total_layers": 280, "layer_height_mm": 0.15, "estimated_time_seconds": 511, "infill_density_percent": 22}	\N	\N	\N	/dpp_reports/dpp_job_demo_5260.pdf	\N	\N	\N	\N
1796	creality_ender5_s1_1	\N	2025-11-05 12:26:13.619361+00	2025-11-05 12:35:02.619361+00	529	completed	benchy.gcode	2.20	0.0154	{"object_name": "Benchy", "dimensions_x": 60, "dimensions_y": 70, "dimensions_z": 40, "total_layers": 240, "layer_height_mm": 0.2, "estimated_time_seconds": 529, "infill_density_percent": 20}	\N	\N	\N	/dpp_reports/dpp_job_demo_6991.pdf	\N	\N	\N	\N
1797	artillery_sidewinder_x4_plus_1	\N	2025-11-05 12:28:23.035451+00	2025-11-05 12:37:24.035451+00	541	completed	functional_part.gcode	2.30	0.0158	{"object_name": "Functional Part", "dimensions_x": 60, "dimensions_y": 70, "dimensions_z": 40, "total_layers": 200, "layer_height_mm": 0.15, "estimated_time_seconds": 541, "infill_density_percent": 30}	\N	\N	\N	/dpp_reports/dpp_job_demo_8922.pdf	\N	\N	\N	\N
1798	prusa_mini_plus_1	\N	2025-11-05 12:30:47.961425+00	2025-11-05 12:39:03.961425+00	496	completed	demo_model.gcode	2.10	0.0145	{"object_name": "Demo Model", "dimensions_x": 60, "dimensions_y": 70, "dimensions_z": 40, "total_layers": 150, "layer_height_mm": 0.2, "estimated_time_seconds": 496, "infill_density_percent": 18}	\N	\N	\N	/dpp_reports/dpp_job_demo_3905.pdf	\N	\N	\N	\N
1799	voron_24_1	\N	2025-11-05 12:31:22.940623+00	2025-11-05 12:39:28.940623+00	486	completed	enclosure_part.gcode	2.00	0.0142	{"object_name": "Enclosure Part", "dimensions_x": 60, "dimensions_y": 70, "dimensions_z": 40, "total_layers": 280, "layer_height_mm": 0.15, "estimated_time_seconds": 486, "infill_density_percent": 22}	\N	\N	\N	/dpp_reports/dpp_job_demo_5642.pdf	\N	\N	\N	\N
1800	anycubic_kobra2_1	\N	2025-11-05 12:31:43.460361+00	2025-11-05 12:39:48.460361+00	485	completed	enclosure_part.gcode	2.00	0.0141	{"object_name": "Enclosure Part", "dimensions_x": 60, "dimensions_y": 70, "dimensions_z": 40, "total_layers": 280, "layer_height_mm": 0.15, "estimated_time_seconds": 485, "infill_density_percent": 22}	\N	\N	\N	/dpp_reports/dpp_job_demo_3463.pdf	\N	\N	\N	\N
1801	elegoo_neptune4_pro_1	\N	2025-11-05 12:31:38.203397+00	2025-11-05 12:39:58.203397+00	500	completed	functional_part.gcode	2.10	0.0146	{"object_name": "Functional Part", "dimensions_x": 60, "dimensions_y": 70, "dimensions_z": 40, "total_layers": 200, "layer_height_mm": 0.15, "estimated_time_seconds": 500, "infill_density_percent": 30}	\N	\N	\N	/dpp_reports/dpp_job_demo_237.pdf	\N	\N	\N	\N
1802	qidi_xmax3_1	\N	2025-11-05 12:33:33.235691+00	2025-11-05 12:42:19.235691+00	526	completed	demo_model.gcode	2.20	0.0153	{"object_name": "Demo Model", "dimensions_x": 60, "dimensions_y": 70, "dimensions_z": 40, "total_layers": 150, "layer_height_mm": 0.2, "estimated_time_seconds": 526, "infill_density_percent": 18}	\N	\N	\N	/dpp_reports/dpp_job_demo_1959.pdf	\N	\N	\N	\N
1803	bambu_p1s_1	\N	2025-11-05 12:34:17.358797+00	2025-11-05 12:42:34.358797+00	497	completed	functional_part.gcode	2.10	0.0145	{"object_name": "Functional Part", "dimensions_x": 60, "dimensions_y": 70, "dimensions_z": 40, "total_layers": 200, "layer_height_mm": 0.15, "estimated_time_seconds": 497, "infill_density_percent": 30}	\N	\N	\N	/dpp_reports/dpp_job_demo_5306.pdf	\N	\N	\N	\N
1835	prusa_mini_plus_1	\N	2025-11-05 12:58:31.907892+00	2025-11-05 13:07:29.907892+00	538	completed	functional_part.gcode	2.20	0.0157	{"object_name": "Functional Part", "dimensions_x": 60, "dimensions_y": 70, "dimensions_z": 40, "total_layers": 200, "layer_height_mm": 0.15, "estimated_time_seconds": 538, "infill_density_percent": 30}	\N	\N	\N	/dpp_reports/dpp_job_demo_5775.pdf	\N	\N	\N	\N
1836	creality_k1_max_1	\N	2025-11-05 12:59:48.105685+00	2025-11-05 13:08:40.105685+00	532	completed	test_print.gcode	2.20	0.0155	{"object_name": "Test Print", "dimensions_x": 60, "dimensions_y": 70, "dimensions_z": 40, "total_layers": 120, "layer_height_mm": 0.2, "estimated_time_seconds": 532, "infill_density_percent": 20}	\N	\N	\N	/dpp_reports/dpp_job_demo_5751.pdf	\N	\N	\N	\N
1837	creality_ender3_v2_1	\N	2025-11-05 13:00:28.264737+00	2025-11-05 13:09:40.264737+00	552	completed	demo_model.gcode	2.30	0.0161	{"object_name": "Demo Model", "dimensions_x": 60, "dimensions_y": 70, "dimensions_z": 40, "total_layers": 150, "layer_height_mm": 0.2, "estimated_time_seconds": 552, "infill_density_percent": 18}	\N	\N	\N	/dpp_reports/dpp_job_demo_5671.pdf	\N	\N	\N	\N
1838	prusa_mk4_2	\N	2025-11-05 13:01:13.673364+00	2025-11-05 13:09:54.673364+00	521	completed	enclosure_part.gcode	2.20	0.0152	{"object_name": "Enclosure Part", "dimensions_x": 60, "dimensions_y": 70, "dimensions_z": 40, "total_layers": 280, "layer_height_mm": 0.15, "estimated_time_seconds": 521, "infill_density_percent": 22}	\N	\N	\N	/dpp_reports/dpp_job_demo_5323.pdf	\N	\N	\N	\N
1864	prusa_mini_plus_2	\N	2025-11-05 13:24:52.872275+00	2025-11-05 13:33:07.872275+00	495	completed	test_print.gcode	2.10	0.0144	{"object_name": "Test Print", "dimensions_x": 60, "dimensions_y": 70, "dimensions_z": 40, "total_layers": 120, "layer_height_mm": 0.2, "estimated_time_seconds": 495, "infill_density_percent": 20}	\N	\N	\N	/dpp_reports/dpp_job_demo_9395.pdf	\N	\N	\N	\N
1839	voron_trident_1	\N	2025-11-05 13:01:33.609293+00	2025-11-05 13:10:54.609293+00	561	completed	test_print.gcode	2.30	0.0164	{"object_name": "Test Print", "dimensions_x": 60, "dimensions_y": 70, "dimensions_z": 40, "total_layers": 120, "layer_height_mm": 0.2, "estimated_time_seconds": 561, "infill_density_percent": 20}	\N	\N	\N	/dpp_reports/dpp_job_demo_2939.pdf	\N	\N	\N	\N
1804	creality_k1_max_1	\N	2025-11-05 12:34:53.190823+00	2025-11-05 12:43:09.190823+00	496	completed	benchy.gcode	2.10	0.0145	{"object_name": "Benchy", "dimensions_x": 60, "dimensions_y": 70, "dimensions_z": 40, "total_layers": 240, "layer_height_mm": 0.2, "estimated_time_seconds": 496, "infill_density_percent": 20}	\N	\N	\N	/dpp_reports/dpp_job_demo_8367.pdf	\N	\N	\N	\N
1805	kingroon_kp3s_pro_1	\N	2025-11-05 12:35:03.540475+00	2025-11-05 12:43:54.540475+00	531	completed	bracket_mount.gcode	2.20	0.0155	{"object_name": "Bracket Mount", "dimensions_x": 60, "dimensions_y": 70, "dimensions_z": 40, "total_layers": 140, "layer_height_mm": 0.2, "estimated_time_seconds": 531, "infill_density_percent": 35}	\N	\N	\N	/dpp_reports/dpp_job_demo_1812.pdf	\N	\N	\N	\N
1806	sovol_sv06_plus_1	\N	2025-11-05 12:37:09.717382+00	2025-11-05 12:45:29.717382+00	500	completed	benchy.gcode	2.10	0.0146	{"object_name": "Benchy", "dimensions_x": 60, "dimensions_y": 70, "dimensions_z": 40, "total_layers": 240, "layer_height_mm": 0.2, "estimated_time_seconds": 500, "infill_density_percent": 20}	\N	\N	\N	/dpp_reports/dpp_job_demo_2779.pdf	\N	\N	\N	\N
1807	prusa_mk3s_plus_1	\N	2025-11-05 12:42:29.408184+00	2025-11-05 12:50:12.408184+00	463	completed	benchy.gcode	1.90	0.0135	{"object_name": "Benchy", "dimensions_x": 60, "dimensions_y": 70, "dimensions_z": 40, "total_layers": 240, "layer_height_mm": 0.2, "estimated_time_seconds": 463, "infill_density_percent": 20}	\N	\N	\N	/dpp_reports/dpp_job_demo_5927.pdf	\N	\N	\N	\N
1808	elegoo_neptune3_pro_1	\N	2025-11-05 12:43:30.263522+00	2025-11-05 12:51:43.263522+00	493	completed	benchy.gcode	2.10	0.0144	{"object_name": "Benchy", "dimensions_x": 60, "dimensions_y": 70, "dimensions_z": 40, "total_layers": 240, "layer_height_mm": 0.2, "estimated_time_seconds": 493, "infill_density_percent": 20}	\N	\N	\N	/dpp_reports/dpp_job_demo_2404.pdf	\N	\N	\N	\N
1809	prusa_mk4_1	\N	2025-11-05 12:43:30.263522+00	2025-11-05 12:51:43.263522+00	493	completed	functional_part.gcode	2.10	0.0144	{"object_name": "Functional Part", "dimensions_x": 60, "dimensions_y": 70, "dimensions_z": 40, "total_layers": 200, "layer_height_mm": 0.15, "estimated_time_seconds": 493, "infill_density_percent": 30}	\N	\N	\N	/dpp_reports/dpp_job_demo_7526.pdf	\N	\N	\N	\N
1810	bambu_p1s_1	\N	2025-11-05 12:44:04.526807+00	2025-11-05 12:52:12.526807+00	488	completed	bracket_mount.gcode	2.00	0.0142	{"object_name": "Bracket Mount", "dimensions_x": 60, "dimensions_y": 70, "dimensions_z": 40, "total_layers": 140, "layer_height_mm": 0.2, "estimated_time_seconds": 488, "infill_density_percent": 35}	\N	\N	\N	/dpp_reports/dpp_job_demo_4048.pdf	\N	\N	\N	\N
1811	prusa_mk4_3	\N	2025-11-05 12:44:09.282374+00	2025-11-05 12:52:27.282374+00	498	completed	demo_model.gcode	2.10	0.0145	{"object_name": "Demo Model", "dimensions_x": 60, "dimensions_y": 70, "dimensions_z": 40, "total_layers": 150, "layer_height_mm": 0.2, "estimated_time_seconds": 498, "infill_density_percent": 18}	\N	\N	\N	/dpp_reports/dpp_job_demo_1837.pdf	\N	\N	\N	\N
1812	anycubic_kobra2_1	\N	2025-11-05 12:44:09.305055+00	2025-11-05 12:52:52.305055+00	523	completed	test_print.gcode	2.20	0.0153	{"object_name": "Test Print", "dimensions_x": 60, "dimensions_y": 70, "dimensions_z": 40, "total_layers": 120, "layer_height_mm": 0.2, "estimated_time_seconds": 523, "infill_density_percent": 20}	\N	\N	\N	/dpp_reports/dpp_job_demo_2136.pdf	\N	\N	\N	\N
1813	flsun_qqs_pro_1	\N	2025-11-05 12:45:15.086986+00	2025-11-05 12:53:27.086986+00	492	completed	enclosure_part.gcode	2.00	0.0143	{"object_name": "Enclosure Part", "dimensions_x": 60, "dimensions_y": 70, "dimensions_z": 40, "total_layers": 280, "layer_height_mm": 0.15, "estimated_time_seconds": 492, "infill_density_percent": 22}	\N	\N	\N	/dpp_reports/dpp_job_demo_2445.pdf	\N	\N	\N	\N
1814	sovol_sv06_plus_1	\N	2025-11-05 12:46:10.416044+00	2025-11-05 12:54:52.416044+00	522	completed	enclosure_part.gcode	2.20	0.0152	{"object_name": "Enclosure Part", "dimensions_x": 60, "dimensions_y": 70, "dimensions_z": 40, "total_layers": 280, "layer_height_mm": 0.15, "estimated_time_seconds": 522, "infill_density_percent": 22}	\N	\N	\N	/dpp_reports/dpp_job_demo_9276.pdf	\N	\N	\N	\N
1815	artillery_sidewinder_x2_1	\N	2025-11-05 12:46:24.965826+00	2025-11-05 12:55:37.965826+00	553	completed	temperature_tower.gcode	2.30	0.0161	{"object_name": "Temperature Tower", "dimensions_x": 60, "dimensions_y": 70, "dimensions_z": 40, "total_layers": 320, "layer_height_mm": 0.2, "estimated_time_seconds": 553, "infill_density_percent": 15}	\N	\N	\N	/dpp_reports/dpp_job_demo_5658.pdf	\N	\N	\N	\N
1816	creality_cr10_smart_pro_1	\N	2025-11-05 12:47:31.229045+00	2025-11-05 12:56:03.229045+00	512	completed	test_print.gcode	2.10	0.0149	{"object_name": "Test Print", "dimensions_x": 60, "dimensions_y": 70, "dimensions_z": 40, "total_layers": 120, "layer_height_mm": 0.2, "estimated_time_seconds": 512, "infill_density_percent": 20}	\N	\N	\N	/dpp_reports/dpp_job_demo_9799.pdf	\N	\N	\N	\N
1817	creality_ender3_v2_1	\N	2025-11-05 12:47:51.295842+00	2025-11-05 12:56:13.295842+00	502	completed	demo_model.gcode	2.10	0.0146	{"object_name": "Demo Model", "dimensions_x": 60, "dimensions_y": 70, "dimensions_z": 40, "total_layers": 150, "layer_height_mm": 0.2, "estimated_time_seconds": 502, "infill_density_percent": 18}	\N	\N	\N	/dpp_reports/dpp_job_demo_3525.pdf	\N	\N	\N	\N
1818	artillery_genius_pro_1	\N	2025-11-05 12:47:21.368144+00	2025-11-05 12:56:23.368144+00	542	completed	test_print.gcode	2.30	0.0158	{"object_name": "Test Print", "dimensions_x": 60, "dimensions_y": 70, "dimensions_z": 40, "total_layers": 120, "layer_height_mm": 0.2, "estimated_time_seconds": 542, "infill_density_percent": 20}	\N	\N	\N	/dpp_reports/dpp_job_demo_6433.pdf	\N	\N	\N	\N
1819	prusa_mini_plus_1	\N	2025-11-05 12:47:35.553637+00	2025-11-05 12:56:43.553637+00	548	completed	temperature_tower.gcode	2.30	0.0160	{"object_name": "Temperature Tower", "dimensions_x": 60, "dimensions_y": 70, "dimensions_z": 40, "total_layers": 320, "layer_height_mm": 0.2, "estimated_time_seconds": 548, "infill_density_percent": 15}	\N	\N	\N	/dpp_reports/dpp_job_demo_837.pdf	\N	\N	\N	\N
1820	prusa_mk4_2	\N	2025-11-05 12:49:07.430425+00	2025-11-05 12:57:49.430425+00	522	completed	functional_part.gcode	2.20	0.0152	{"object_name": "Functional Part", "dimensions_x": 60, "dimensions_y": 70, "dimensions_z": 40, "total_layers": 200, "layer_height_mm": 0.15, "estimated_time_seconds": 522, "infill_density_percent": 30}	\N	\N	\N	/dpp_reports/dpp_job_demo_7981.pdf	\N	\N	\N	\N
1821	artillery_sidewinder_x4_plus_1	\N	2025-11-05 12:49:27.294214+00	2025-11-05 12:58:03.294214+00	516	completed	enclosure_part.gcode	2.10	0.0151	{"object_name": "Enclosure Part", "dimensions_x": 60, "dimensions_y": 70, "dimensions_z": 40, "total_layers": 280, "layer_height_mm": 0.15, "estimated_time_seconds": 516, "infill_density_percent": 22}	\N	\N	\N	/dpp_reports/dpp_job_demo_2305.pdf	\N	\N	\N	\N
1822	anycubic_kobra_max_1	\N	2025-11-05 12:48:56.819945+00	2025-11-05 12:58:36.819945+00	580	completed	enclosure_part.gcode	2.40	0.0169	{"object_name": "Enclosure Part", "dimensions_x": 60, "dimensions_y": 70, "dimensions_z": 40, "total_layers": 280, "layer_height_mm": 0.15, "estimated_time_seconds": 580, "infill_density_percent": 22}	\N	\N	\N	/dpp_reports/dpp_job_demo_6773.pdf	\N	\N	\N	\N
1865	anycubic_vyper_1	\N	2025-11-05 13:25:02.641439+00	2025-11-05 13:33:46.641439+00	524	completed	benchy.gcode	2.20	0.0153	{"object_name": "Benchy", "dimensions_x": 60, "dimensions_y": 70, "dimensions_z": 40, "total_layers": 240, "layer_height_mm": 0.2, "estimated_time_seconds": 524, "infill_density_percent": 20}	\N	\N	\N	/dpp_reports/dpp_job_demo_1249.pdf	\N	\N	\N	\N
1866	voron_trident_1	\N	2025-11-05 13:25:50.607783+00	2025-11-05 13:34:45.607783+00	535	completed	test_print.gcode	2.20	0.0156	{"object_name": "Test Print", "dimensions_x": 60, "dimensions_y": 70, "dimensions_z": 40, "total_layers": 120, "layer_height_mm": 0.2, "estimated_time_seconds": 535, "infill_density_percent": 20}	\N	\N	\N	/dpp_reports/dpp_job_demo_564.pdf	\N	\N	\N	\N
1867	elegoo_neptune4_pro_1	\N	2025-11-05 13:26:26.299206+00	2025-11-05 13:35:20.299206+00	534	completed	test_print.gcode	2.20	0.0156	{"object_name": "Test Print", "dimensions_x": 60, "dimensions_y": 70, "dimensions_z": 40, "total_layers": 120, "layer_height_mm": 0.2, "estimated_time_seconds": 534, "infill_density_percent": 20}	\N	\N	\N	/dpp_reports/dpp_job_demo_6534.pdf	\N	\N	\N	\N
1868	flashforge_adventurer_5m_1	\N	2025-11-05 13:27:40.817754+00	2025-11-05 13:35:44.817754+00	484	completed	benchy.gcode	2.00	0.0141	{"object_name": "Benchy", "dimensions_x": 60, "dimensions_y": 70, "dimensions_z": 40, "total_layers": 240, "layer_height_mm": 0.2, "estimated_time_seconds": 484, "infill_density_percent": 20}	\N	\N	\N	/dpp_reports/dpp_job_demo_3191.pdf	\N	\N	\N	\N
1869	artillery_sidewinder_x4_plus_1	\N	2025-11-05 13:27:41.312779+00	2025-11-05 13:36:14.312779+00	513	completed	test_print.gcode	2.10	0.0150	{"object_name": "Test Print", "dimensions_x": 60, "dimensions_y": 70, "dimensions_z": 40, "total_layers": 120, "layer_height_mm": 0.2, "estimated_time_seconds": 513, "infill_density_percent": 20}	\N	\N	\N	/dpp_reports/dpp_job_demo_109.pdf	\N	\N	\N	\N
1870	anycubic_kobra_max_1	\N	2025-11-05 13:27:25.771832+00	2025-11-05 13:36:38.771832+00	553	completed	prototype_v2.gcode	2.30	0.0161	{"object_name": "Prototype V2", "dimensions_x": 60, "dimensions_y": 70, "dimensions_z": 40, "total_layers": 180, "layer_height_mm": 0.2, "estimated_time_seconds": 553, "infill_density_percent": 25}	\N	\N	\N	/dpp_reports/dpp_job_demo_9310.pdf	\N	\N	\N	\N
1871	sovol_sv07_1	\N	2025-11-05 13:28:21.704043+00	2025-11-05 13:37:13.704043+00	532	completed	functional_part.gcode	2.20	0.0155	{"object_name": "Functional Part", "dimensions_x": 60, "dimensions_y": 70, "dimensions_z": 40, "total_layers": 200, "layer_height_mm": 0.15, "estimated_time_seconds": 532, "infill_density_percent": 30}	\N	\N	\N	/dpp_reports/dpp_job_demo_5764.pdf	\N	\N	\N	\N
1872	creality_k1_max_1	\N	2025-11-05 13:27:56.037073+00	2025-11-05 13:37:27.037073+00	571	completed	enclosure_part.gcode	2.40	0.0167	{"object_name": "Enclosure Part", "dimensions_x": 60, "dimensions_y": 70, "dimensions_z": 40, "total_layers": 280, "layer_height_mm": 0.15, "estimated_time_seconds": 571, "infill_density_percent": 22}	\N	\N	\N	/dpp_reports/dpp_job_demo_3429.pdf	\N	\N	\N	\N
1873	flsun_qqs_pro_1	\N	2025-11-05 13:28:21.176762+00	2025-11-05 13:37:36.176762+00	555	completed	temperature_tower.gcode	2.30	0.0162	{"object_name": "Temperature Tower", "dimensions_x": 60, "dimensions_y": 70, "dimensions_z": 40, "total_layers": 320, "layer_height_mm": 0.2, "estimated_time_seconds": 555, "infill_density_percent": 15}	\N	\N	\N	/dpp_reports/dpp_job_demo_1944.pdf	\N	\N	\N	\N
1874	creality_ender5_s1_1	\N	2025-11-05 13:31:11.173783+00	2025-11-05 13:39:16.173783+00	485	completed	demo_model.gcode	2.00	0.0141	{"object_name": "Demo Model", "dimensions_x": 60, "dimensions_y": 70, "dimensions_z": 40, "total_layers": 150, "layer_height_mm": 0.2, "estimated_time_seconds": 485, "infill_density_percent": 18}	\N	\N	\N	/dpp_reports/dpp_job_demo_4556.pdf	\N	\N	\N	\N
1875	prusa_mini_plus_1	\N	2025-11-05 13:31:00.832439+00	2025-11-05 13:40:00.832439+00	540	completed	bracket_mount.gcode	2.20	0.0158	{"object_name": "Bracket Mount", "dimensions_x": 60, "dimensions_y": 70, "dimensions_z": 40, "total_layers": 140, "layer_height_mm": 0.2, "estimated_time_seconds": 540, "infill_density_percent": 35}	\N	\N	\N	/dpp_reports/dpp_job_demo_1392.pdf	\N	\N	\N	\N
1948	creality_ender3_v2_1	\N	2025-11-05 16:38:14.719538+00	2025-11-05 16:54:36.719538+00	982	completed	calibration_cube.gcode	4.10	0.0286	{"object_name": "Calibration Cube", "dimensions_x": 60, "dimensions_y": 70, "dimensions_z": 40, "total_layers": 100, "layer_height_mm": 0.2, "estimated_time_seconds": 982, "infill_density_percent": 15}	\N	\N	\N	/dpp_reports/dpp_job_demo_7887.pdf	\N	\N	\N	\N
1949	voron_24_1	\N	2025-11-05 16:41:15.033909+00	2025-11-05 16:57:17.033909+00	962	completed	demo_model.gcode	4.00	0.0281	{"object_name": "Demo Model", "dimensions_x": 60, "dimensions_y": 70, "dimensions_z": 40, "total_layers": 150, "layer_height_mm": 0.2, "estimated_time_seconds": 962, "infill_density_percent": 18}	\N	\N	\N	/dpp_reports/dpp_job_demo_7707.pdf	\N	\N	\N	\N
1950	prusa_mini_plus_1	\N	2025-11-05 16:44:06.144868+00	2025-11-05 16:58:47.144868+00	881	completed	enclosure_part.gcode	3.70	0.0257	{"object_name": "Enclosure Part", "dimensions_x": 60, "dimensions_y": 70, "dimensions_z": 40, "total_layers": 280, "layer_height_mm": 0.15, "estimated_time_seconds": 881, "infill_density_percent": 22}	\N	\N	\N	/dpp_reports/dpp_job_demo_8774.pdf	\N	\N	\N	\N
1951	prusa_mk4_2	\N	2025-11-05 16:45:16.379181+00	2025-11-05 17:01:57.379181+00	1001	completed	test_print.gcode	4.20	0.0292	{"object_name": "Test Print", "dimensions_x": 60, "dimensions_y": 70, "dimensions_z": 40, "total_layers": 120, "layer_height_mm": 0.2, "estimated_time_seconds": 1001, "infill_density_percent": 20}	\N	\N	\N	/dpp_reports/dpp_job_demo_8601.pdf	\N	\N	\N	\N
1952	prusa_xl_1	\N	2025-11-05 16:48:56.616351+00	2025-11-05 17:04:57.616351+00	961	completed	functional_part.gcode	4.00	0.0280	{"object_name": "Functional Part", "dimensions_x": 60, "dimensions_y": 70, "dimensions_z": 40, "total_layers": 200, "layer_height_mm": 0.15, "estimated_time_seconds": 961, "infill_density_percent": 30}	\N	\N	\N	/dpp_reports/dpp_job_demo_6271.pdf	\N	\N	\N	\N
1953	bambu_p1s_1	\N	2025-11-05 16:57:47.509559+00	2025-11-05 17:13:28.509559+00	941	completed	benchy.gcode	3.90	0.0274	{"object_name": "Benchy", "dimensions_x": 60, "dimensions_y": 70, "dimensions_z": 40, "total_layers": 240, "layer_height_mm": 0.2, "estimated_time_seconds": 941, "infill_density_percent": 20}	\N	\N	\N	/dpp_reports/dpp_job_demo_2593.pdf	\N	\N	\N	\N
1954	voron_24_1	\N	2025-11-05 17:02:27.875956+00	2025-11-05 17:18:28.875956+00	961	completed	benchy.gcode	4.00	0.0280	{"object_name": "Benchy", "dimensions_x": 60, "dimensions_y": 70, "dimensions_z": 40, "total_layers": 240, "layer_height_mm": 0.2, "estimated_time_seconds": 961, "infill_density_percent": 20}	\N	\N	\N	/dpp_reports/dpp_job_demo_2549.pdf	\N	\N	\N	\N
1955	prusa_mini_plus_1	\N	2025-11-05 17:08:58.398131+00	2025-11-05 17:24:19.398131+00	921	completed	prototype_v2.gcode	3.80	0.0269	{"object_name": "Prototype V2", "dimensions_x": 60, "dimensions_y": 70, "dimensions_z": 40, "total_layers": 180, "layer_height_mm": 0.2, "estimated_time_seconds": 921, "infill_density_percent": 25}	\N	\N	\N	/dpp_reports/dpp_job_demo_2911.pdf	\N	\N	\N	\N
1876	prusa_mk4_1	\N	2025-11-05 13:37:08.762368+00	2025-11-05 13:45:11.762368+00	483	completed	functional_part.gcode	2.00	0.0141	{"object_name": "Functional Part", "dimensions_x": 60, "dimensions_y": 70, "dimensions_z": 40, "total_layers": 200, "layer_height_mm": 0.15, "estimated_time_seconds": 483, "infill_density_percent": 30}	\N	\N	\N	/dpp_reports/dpp_job_demo_5199.pdf	\N	\N	\N	\N
1877	sovol_sv07_1	\N	2025-11-05 13:38:26.573348+00	2025-11-05 13:46:32.573348+00	486	completed	benchy.gcode	2.00	0.0142	{"object_name": "Benchy", "dimensions_x": 60, "dimensions_y": 70, "dimensions_z": 40, "total_layers": 240, "layer_height_mm": 0.2, "estimated_time_seconds": 486, "infill_density_percent": 20}	\N	\N	\N	/dpp_reports/dpp_job_demo_4947.pdf	\N	\N	\N	\N
1878	creality_ender5_s1_1	\N	2025-11-05 13:40:46.585435+00	2025-11-05 13:48:58.585435+00	492	completed	demo_model.gcode	2.00	0.0143	{"object_name": "Demo Model", "dimensions_x": 60, "dimensions_y": 70, "dimensions_z": 40, "total_layers": 150, "layer_height_mm": 0.2, "estimated_time_seconds": 492, "infill_density_percent": 18}	\N	\N	\N	/dpp_reports/dpp_job_demo_1562.pdf	\N	\N	\N	\N
1879	creality_cr10_smart_pro_1	\N	2025-11-05 13:42:12.920615+00	2025-11-05 13:50:28.920615+00	496	completed	enclosure_part.gcode	2.10	0.0145	{"object_name": "Enclosure Part", "dimensions_x": 60, "dimensions_y": 70, "dimensions_z": 40, "total_layers": 280, "layer_height_mm": 0.15, "estimated_time_seconds": 496, "infill_density_percent": 22}	\N	\N	\N	/dpp_reports/dpp_job_demo_9011.pdf	\N	\N	\N	\N
1880	voron_24_1	\N	2025-11-05 13:42:48.734719+00	2025-11-05 13:51:13.734719+00	505	completed	bracket_mount.gcode	2.10	0.0147	{"object_name": "Bracket Mount", "dimensions_x": 60, "dimensions_y": 70, "dimensions_z": 40, "total_layers": 140, "layer_height_mm": 0.2, "estimated_time_seconds": 505, "infill_density_percent": 35}	\N	\N	\N	/dpp_reports/dpp_job_demo_1469.pdf	\N	\N	\N	\N
1881	anycubic_kobra2_1	\N	2025-11-05 13:43:15.134475+00	2025-11-05 13:51:43.134475+00	508	completed	bracket_mount.gcode	2.10	0.0148	{"object_name": "Bracket Mount", "dimensions_x": 60, "dimensions_y": 70, "dimensions_z": 40, "total_layers": 140, "layer_height_mm": 0.2, "estimated_time_seconds": 508, "infill_density_percent": 35}	\N	\N	\N	/dpp_reports/dpp_job_demo_4119.pdf	\N	\N	\N	\N
1882	prusa_mk3s_plus_1	\N	2025-11-05 13:44:42.103467+00	2025-11-05 13:52:58.103467+00	496	completed	prototype_v2.gcode	2.10	0.0145	{"object_name": "Prototype V2", "dimensions_x": 60, "dimensions_y": 70, "dimensions_z": 40, "total_layers": 180, "layer_height_mm": 0.2, "estimated_time_seconds": 496, "infill_density_percent": 25}	\N	\N	\N	/dpp_reports/dpp_job_demo_6356.pdf	\N	\N	\N	\N
1883	qidi_xmax3_1	\N	2025-11-05 13:44:46.842863+00	2025-11-05 13:53:17.842863+00	511	completed	demo_model.gcode	2.10	0.0149	{"object_name": "Demo Model", "dimensions_x": 60, "dimensions_y": 70, "dimensions_z": 40, "total_layers": 150, "layer_height_mm": 0.2, "estimated_time_seconds": 511, "infill_density_percent": 18}	\N	\N	\N	/dpp_reports/dpp_job_demo_4108.pdf	\N	\N	\N	\N
1884	anycubic_kobra_max_1	\N	2025-11-05 13:45:07.531103+00	2025-11-05 13:53:32.531103+00	505	completed	benchy.gcode	2.10	0.0147	{"object_name": "Benchy", "dimensions_x": 60, "dimensions_y": 70, "dimensions_z": 40, "total_layers": 240, "layer_height_mm": 0.2, "estimated_time_seconds": 505, "infill_density_percent": 20}	\N	\N	\N	/dpp_reports/dpp_job_demo_5431.pdf	\N	\N	\N	\N
1885	creality_ender3_v2_1	\N	2025-11-05 13:44:46.531103+00	2025-11-05 13:53:32.531103+00	526	completed	enclosure_part.gcode	2.20	0.0153	{"object_name": "Enclosure Part", "dimensions_x": 60, "dimensions_y": 70, "dimensions_z": 40, "total_layers": 280, "layer_height_mm": 0.15, "estimated_time_seconds": 526, "infill_density_percent": 22}	\N	\N	\N	/dpp_reports/dpp_job_demo_2425.pdf	\N	\N	\N	\N
1886	prusa_mk4_3	\N	2025-11-05 13:47:37.726149+00	2025-11-05 13:56:23.726149+00	526	completed	functional_part.gcode	2.20	0.0153	{"object_name": "Functional Part", "dimensions_x": 60, "dimensions_y": 70, "dimensions_z": 40, "total_layers": 200, "layer_height_mm": 0.15, "estimated_time_seconds": 526, "infill_density_percent": 30}	\N	\N	\N	/dpp_reports/dpp_job_demo_3921.pdf	\N	\N	\N	\N
1887	prusa_mk4_1	\N	2025-11-05 13:48:33.495556+00	2025-11-05 13:57:13.495556+00	520	completed	benchy.gcode	2.20	0.0152	{"object_name": "Benchy", "dimensions_x": 60, "dimensions_y": 70, "dimensions_z": 40, "total_layers": 240, "layer_height_mm": 0.2, "estimated_time_seconds": 520, "infill_density_percent": 20}	\N	\N	\N	/dpp_reports/dpp_job_demo_885.pdf	\N	\N	\N	\N
1888	sovol_sv07_1	\N	2025-11-05 13:49:59.410528+00	2025-11-05 13:58:33.410528+00	514	completed	temperature_tower.gcode	2.10	0.0150	{"object_name": "Temperature Tower", "dimensions_x": 60, "dimensions_y": 70, "dimensions_z": 40, "total_layers": 320, "layer_height_mm": 0.2, "estimated_time_seconds": 514, "infill_density_percent": 15}	\N	\N	\N	/dpp_reports/dpp_job_demo_3764.pdf	\N	\N	\N	\N
1889	artillery_genius_pro_1	\N	2025-11-05 13:50:13.964065+00	2025-11-05 13:59:17.964065+00	544	completed	enclosure_part.gcode	2.30	0.0159	{"object_name": "Enclosure Part", "dimensions_x": 60, "dimensions_y": 70, "dimensions_z": 40, "total_layers": 280, "layer_height_mm": 0.15, "estimated_time_seconds": 544, "infill_density_percent": 22}	\N	\N	\N	/dpp_reports/dpp_job_demo_5903.pdf	\N	\N	\N	\N
1890	bambu_p1s_1	\N	2025-11-05 13:51:43.164366+00	2025-11-05 13:59:53.164366+00	490	completed	functional_part.gcode	2.00	0.0143	{"object_name": "Functional Part", "dimensions_x": 60, "dimensions_y": 70, "dimensions_z": 40, "total_layers": 200, "layer_height_mm": 0.15, "estimated_time_seconds": 490, "infill_density_percent": 30}	\N	\N	\N	/dpp_reports/dpp_job_demo_2076.pdf	\N	\N	\N	\N
1891	prusa_mk4_2	\N	2025-11-05 13:51:28.717062+00	2025-11-05 14:00:52.717062+00	564	completed	enclosure_part.gcode	2.40	0.0164	{"object_name": "Enclosure Part", "dimensions_x": 60, "dimensions_y": 70, "dimensions_z": 40, "total_layers": 280, "layer_height_mm": 0.15, "estimated_time_seconds": 564, "infill_density_percent": 22}	\N	\N	\N	/dpp_reports/dpp_job_demo_4662.pdf	\N	\N	\N	\N
1892	bambu_p1p_1	\N	2025-11-05 13:53:08.249581+00	2025-11-05 14:01:33.249581+00	505	completed	temperature_tower.gcode	2.10	0.0147	{"object_name": "Temperature Tower", "dimensions_x": 60, "dimensions_y": 70, "dimensions_z": 40, "total_layers": 320, "layer_height_mm": 0.2, "estimated_time_seconds": 505, "infill_density_percent": 15}	\N	\N	\N	/dpp_reports/dpp_job_demo_4493.pdf	\N	\N	\N	\N
1893	voron_trident_1	\N	2025-11-05 13:53:27.743819+00	2025-11-05 14:02:02.743819+00	515	completed	benchy.gcode	2.10	0.0150	{"object_name": "Benchy", "dimensions_x": 60, "dimensions_y": 70, "dimensions_z": 40, "total_layers": 240, "layer_height_mm": 0.2, "estimated_time_seconds": 515, "infill_density_percent": 20}	\N	\N	\N	/dpp_reports/dpp_job_demo_359.pdf	\N	\N	\N	\N
1894	anycubic_kobra_max_1	\N	2025-11-05 13:56:04.51777+00	2025-11-05 14:04:28.51777+00	504	completed	demo_model.gcode	2.10	0.0147	{"object_name": "Demo Model", "dimensions_x": 60, "dimensions_y": 70, "dimensions_z": 40, "total_layers": 150, "layer_height_mm": 0.2, "estimated_time_seconds": 504, "infill_density_percent": 18}	\N	\N	\N	/dpp_reports/dpp_job_demo_8413.pdf	\N	\N	\N	\N
1895	prusa_mk4_3	\N	2025-11-05 13:57:08.98283+00	2025-11-05 14:06:03.98283+00	535	completed	bracket_mount.gcode	2.20	0.0156	{"object_name": "Bracket Mount", "dimensions_x": 60, "dimensions_y": 70, "dimensions_z": 40, "total_layers": 140, "layer_height_mm": 0.2, "estimated_time_seconds": 535, "infill_density_percent": 35}	\N	\N	\N	/dpp_reports/dpp_job_demo_3657.pdf	\N	\N	\N	\N
1896	flsun_qqs_pro_1	\N	2025-11-05 13:58:23.607808+00	2025-11-05 14:06:53.607808+00	510	completed	bracket_mount.gcode	2.10	0.0149	{"object_name": "Bracket Mount", "dimensions_x": 60, "dimensions_y": 70, "dimensions_z": 40, "total_layers": 140, "layer_height_mm": 0.2, "estimated_time_seconds": 510, "infill_density_percent": 35}	\N	\N	\N	/dpp_reports/dpp_job_demo_4891.pdf	\N	\N	\N	\N
1897	prusa_xl_2	\N	2025-11-05 14:00:52.967975+00	2025-11-05 14:09:18.967975+00	506	completed	bracket_mount.gcode	2.10	0.0148	{"object_name": "Bracket Mount", "dimensions_x": 60, "dimensions_y": 70, "dimensions_z": 40, "total_layers": 140, "layer_height_mm": 0.2, "estimated_time_seconds": 506, "infill_density_percent": 35}	\N	\N	\N	/dpp_reports/dpp_job_demo_7108.pdf	\N	\N	\N	\N
1898	artillery_sidewinder_x4_plus_1	\N	2025-11-05 14:01:58.330378+00	2025-11-05 14:10:19.330378+00	501	completed	prototype_v2.gcode	2.10	0.0146	{"object_name": "Prototype V2", "dimensions_x": 60, "dimensions_y": 70, "dimensions_z": 40, "total_layers": 180, "layer_height_mm": 0.2, "estimated_time_seconds": 501, "infill_density_percent": 25}	\N	\N	\N	/dpp_reports/dpp_job_demo_5992.pdf	\N	\N	\N	\N
1899	prusa_mk4_2	\N	2025-11-05 14:02:03.330378+00	2025-11-05 14:10:19.330378+00	496	completed	benchy.gcode	2.10	0.0145	{"object_name": "Benchy", "dimensions_x": 60, "dimensions_y": 70, "dimensions_z": 40, "total_layers": 240, "layer_height_mm": 0.2, "estimated_time_seconds": 496, "infill_density_percent": 20}	\N	\N	\N	/dpp_reports/dpp_job_demo_1894.pdf	\N	\N	\N	\N
1900	bambu_p1p_1	\N	2025-11-05 14:03:03.517362+00	2025-11-05 14:11:18.517362+00	495	completed	functional_part.gcode	2.10	0.0144	{"object_name": "Functional Part", "dimensions_x": 60, "dimensions_y": 70, "dimensions_z": 40, "total_layers": 200, "layer_height_mm": 0.15, "estimated_time_seconds": 495, "infill_density_percent": 30}	\N	\N	\N	/dpp_reports/dpp_job_demo_1602.pdf	\N	\N	\N	\N
1901	anycubic_kobra_max_1	\N	2025-11-05 14:07:33.529094+00	2025-11-05 14:15:30.529094+00	477	completed	bracket_mount.gcode	2.00	0.0139	{"object_name": "Bracket Mount", "dimensions_x": 60, "dimensions_y": 70, "dimensions_z": 40, "total_layers": 140, "layer_height_mm": 0.2, "estimated_time_seconds": 477, "infill_density_percent": 35}	\N	\N	\N	/dpp_reports/dpp_job_demo_9064.pdf	\N	\N	\N	\N
1902	voron_24_1	\N	2025-11-05 14:07:23.122261+00	2025-11-05 14:15:45.122261+00	502	completed	test_print.gcode	2.10	0.0146	{"object_name": "Test Print", "dimensions_x": 60, "dimensions_y": 70, "dimensions_z": 40, "total_layers": 120, "layer_height_mm": 0.2, "estimated_time_seconds": 502, "infill_density_percent": 20}	\N	\N	\N	/dpp_reports/dpp_job_demo_1117.pdf	\N	\N	\N	\N
1903	prusa_mk4_1	\N	2025-11-05 14:08:53.897602+00	2025-11-05 14:17:04.897602+00	491	completed	bracket_mount.gcode	2.00	0.0143	{"object_name": "Bracket Mount", "dimensions_x": 60, "dimensions_y": 70, "dimensions_z": 40, "total_layers": 140, "layer_height_mm": 0.2, "estimated_time_seconds": 491, "infill_density_percent": 35}	\N	\N	\N	/dpp_reports/dpp_job_demo_1328.pdf	\N	\N	\N	\N
1904	prusa_xl_1	\N	2025-11-05 14:11:04.212239+00	2025-11-05 14:19:06.212239+00	482	completed	benchy.gcode	2.00	0.0141	{"object_name": "Benchy", "dimensions_x": 60, "dimensions_y": 70, "dimensions_z": 40, "total_layers": 240, "layer_height_mm": 0.2, "estimated_time_seconds": 482, "infill_density_percent": 20}	\N	\N	\N	/dpp_reports/dpp_job_demo_1857.pdf	\N	\N	\N	\N
1905	anycubic_vyper_1	\N	2025-11-05 14:11:43.88045+00	2025-11-05 14:19:55.88045+00	492	completed	functional_part.gcode	2.00	0.0143	{"object_name": "Functional Part", "dimensions_x": 60, "dimensions_y": 70, "dimensions_z": 40, "total_layers": 200, "layer_height_mm": 0.15, "estimated_time_seconds": 492, "infill_density_percent": 30}	\N	\N	\N	/dpp_reports/dpp_job_demo_2883.pdf	\N	\N	\N	\N
1906	prusa_mini_plus_2	\N	2025-11-05 14:11:18.88045+00	2025-11-05 14:19:55.88045+00	517	completed	enclosure_part.gcode	2.20	0.0151	{"object_name": "Enclosure Part", "dimensions_x": 60, "dimensions_y": 70, "dimensions_z": 40, "total_layers": 280, "layer_height_mm": 0.15, "estimated_time_seconds": 517, "infill_density_percent": 22}	\N	\N	\N	/dpp_reports/dpp_job_demo_9706.pdf	\N	\N	\N	\N
1907	sovol_sv06_plus_1	\N	2025-11-05 14:11:38.925853+00	2025-11-05 14:20:19.925853+00	521	completed	enclosure_part.gcode	2.20	0.0152	{"object_name": "Enclosure Part", "dimensions_x": 60, "dimensions_y": 70, "dimensions_z": 40, "total_layers": 280, "layer_height_mm": 0.15, "estimated_time_seconds": 521, "infill_density_percent": 22}	\N	\N	\N	/dpp_reports/dpp_job_demo_8708.pdf	\N	\N	\N	\N
1956	prusa_xl_1	\N	2025-11-05 17:09:08.572473+00	2025-11-05 17:25:29.572473+00	981	completed	prototype_v2.gcode	4.10	0.0286	{"object_name": "Prototype V2", "dimensions_x": 60, "dimensions_y": 70, "dimensions_z": 40, "total_layers": 180, "layer_height_mm": 0.2, "estimated_time_seconds": 981, "infill_density_percent": 25}	\N	\N	\N	/dpp_reports/dpp_job_demo_9974.pdf	\N	\N	\N	\N
1957	artillery_sidewinder_x2_1	\N	2025-11-05 17:13:59.127432+00	2025-11-05 17:29:40.127432+00	941	completed	test_print.gcode	3.90	0.0274	{"object_name": "Test Print", "dimensions_x": 60, "dimensions_y": 70, "dimensions_z": 40, "total_layers": 120, "layer_height_mm": 0.2, "estimated_time_seconds": 941, "infill_density_percent": 20}	\N	\N	\N	/dpp_reports/dpp_job_demo_8014.pdf	\N	\N	\N	\N
1958	bambu_x1_carbon_1	\N	2025-11-05 17:20:09.860862+00	2025-11-05 17:35:20.860862+00	911	completed	enclosure_part.gcode	3.80	0.0266	{"object_name": "Enclosure Part", "dimensions_x": 60, "dimensions_y": 70, "dimensions_z": 40, "total_layers": 280, "layer_height_mm": 0.15, "estimated_time_seconds": 911, "infill_density_percent": 22}	\N	\N	\N	/dpp_reports/dpp_job_demo_7891.pdf	\N	\N	\N	\N
1959	elegoo_neptune4_pro_1	\N	2025-11-05 17:28:00.756246+00	2025-11-05 17:43:41.756246+00	941	completed	benchy.gcode	3.90	0.0274	{"object_name": "Benchy", "dimensions_x": 60, "dimensions_y": 70, "dimensions_z": 40, "total_layers": 240, "layer_height_mm": 0.2, "estimated_time_seconds": 941, "infill_density_percent": 20}	\N	\N	\N	/dpp_reports/dpp_job_demo_903.pdf	\N	\N	\N	\N
1960	artillery_sidewinder_x2_1	\N	2025-11-05 17:30:50.91016+00	2025-11-05 17:45:31.91016+00	881	completed	enclosure_part.gcode	3.70	0.0257	{"object_name": "Enclosure Part", "dimensions_x": 60, "dimensions_y": 70, "dimensions_z": 40, "total_layers": 280, "layer_height_mm": 0.15, "estimated_time_seconds": 881, "infill_density_percent": 22}	\N	\N	\N	/dpp_reports/dpp_job_demo_9903.pdf	\N	\N	\N	\N
1999	prusa_mini_plus_1	\N	2025-11-05 20:29:20.14716+00	2025-11-05 20:44:31.14716+00	911	completed	test_print.gcode	3.80	0.0266	{"object_name": "Test Print", "dimensions_x": 60, "dimensions_y": 70, "dimensions_z": 40, "total_layers": 120, "layer_height_mm": 0.2, "estimated_time_seconds": 911, "infill_density_percent": 20}	\N	\N	\N	/dpp_reports/dpp_job_demo_7568.pdf	\N	\N	\N	\N
1908	prusa_mk4_2	\N	2025-11-05 14:12:09.051205+00	2025-11-05 14:21:15.051205+00	546	completed	test_print.gcode	2.30	0.0159	{"object_name": "Test Print", "dimensions_x": 60, "dimensions_y": 70, "dimensions_z": 40, "total_layers": 120, "layer_height_mm": 0.2, "estimated_time_seconds": 546, "infill_density_percent": 20}	\N	\N	\N	/dpp_reports/dpp_job_demo_2875.pdf	\N	\N	\N	\N
1909	elegoo_neptune3_pro_1	\N	2025-11-05 14:12:54.289463+00	2025-11-05 14:21:40.289463+00	526	completed	enclosure_part.gcode	2.20	0.0153	{"object_name": "Enclosure Part", "dimensions_x": 60, "dimensions_y": 70, "dimensions_z": 40, "total_layers": 280, "layer_height_mm": 0.15, "estimated_time_seconds": 526, "infill_density_percent": 22}	\N	\N	\N	/dpp_reports/dpp_job_demo_3518.pdf	\N	\N	\N	\N
1910	bambu_x1_carbon_1	\N	2025-11-05 14:13:35.214285+00	2025-11-05 14:22:09.214285+00	514	completed	prototype_v2.gcode	2.10	0.0150	{"object_name": "Prototype V2", "dimensions_x": 60, "dimensions_y": 70, "dimensions_z": 40, "total_layers": 180, "layer_height_mm": 0.2, "estimated_time_seconds": 514, "infill_density_percent": 25}	\N	\N	\N	/dpp_reports/dpp_job_demo_3796.pdf	\N	\N	\N	\N
1911	creality_ender5_s1_1	\N	2025-11-05 14:13:40.214285+00	2025-11-05 14:22:09.214285+00	509	completed	test_print.gcode	2.10	0.0148	{"object_name": "Test Print", "dimensions_x": 60, "dimensions_y": 70, "dimensions_z": 40, "total_layers": 120, "layer_height_mm": 0.2, "estimated_time_seconds": 509, "infill_density_percent": 20}	\N	\N	\N	/dpp_reports/dpp_job_demo_1097.pdf	\N	\N	\N	\N
1912	anycubic_kobra2_1	\N	2025-11-05 14:13:40.320281+00	2025-11-05 14:22:43.320281+00	543	completed	prototype_v2.gcode	2.30	0.0158	{"object_name": "Prototype V2", "dimensions_x": 60, "dimensions_y": 70, "dimensions_z": 40, "total_layers": 180, "layer_height_mm": 0.2, "estimated_time_seconds": 543, "infill_density_percent": 25}	\N	\N	\N	/dpp_reports/dpp_job_demo_1883.pdf	\N	\N	\N	\N
1961	bambu_p1s_1	\N	2025-11-05 17:37:51.739755+00	2025-11-05 17:54:22.739755+00	991	completed	enclosure_part.gcode	4.10	0.0289	{"object_name": "Enclosure Part", "dimensions_x": 60, "dimensions_y": 70, "dimensions_z": 40, "total_layers": 280, "layer_height_mm": 0.15, "estimated_time_seconds": 991, "infill_density_percent": 22}	\N	\N	\N	/dpp_reports/dpp_job_demo_7990.pdf	\N	\N	\N	\N
1962	voron_24_1	\N	2025-11-05 17:44:22.469935+00	2025-11-05 18:00:53.469935+00	991	completed	enclosure_part.gcode	4.10	0.0289	{"object_name": "Enclosure Part", "dimensions_x": 60, "dimensions_y": 70, "dimensions_z": 40, "total_layers": 280, "layer_height_mm": 0.15, "estimated_time_seconds": 991, "infill_density_percent": 22}	\N	\N	\N	/dpp_reports/dpp_job_demo_3504.pdf	\N	\N	\N	\N
1963	prusa_mk4_1	\N	2025-11-05 17:54:03.260044+00	2025-11-05 18:09:44.260044+00	941	completed	enclosure_part.gcode	3.90	0.0274	{"object_name": "Enclosure Part", "dimensions_x": 60, "dimensions_y": 70, "dimensions_z": 40, "total_layers": 280, "layer_height_mm": 0.15, "estimated_time_seconds": 941, "infill_density_percent": 22}	\N	\N	\N	/dpp_reports/dpp_job_demo_9269.pdf	\N	\N	\N	\N
1964	prusa_mk4_2	\N	2025-11-05 17:57:13.557369+00	2025-11-05 18:13:04.557369+00	951	completed	bracket_mount.gcode	4.00	0.0277	{"object_name": "Bracket Mount", "dimensions_x": 60, "dimensions_y": 70, "dimensions_z": 40, "total_layers": 140, "layer_height_mm": 0.2, "estimated_time_seconds": 951, "infill_density_percent": 35}	\N	\N	\N	/dpp_reports/dpp_job_demo_5937.pdf	\N	\N	\N	\N
1965	elegoo_neptune4_pro_1	\N	2025-11-05 17:57:33.62463+00	2025-11-05 18:13:44.62463+00	971	completed	functional_part.gcode	4.00	0.0283	{"object_name": "Functional Part", "dimensions_x": 60, "dimensions_y": 70, "dimensions_z": 40, "total_layers": 200, "layer_height_mm": 0.15, "estimated_time_seconds": 971, "infill_density_percent": 30}	\N	\N	\N	/dpp_reports/dpp_job_demo_8331.pdf	\N	\N	\N	\N
1966	bambu_x1_carbon_1	\N	2025-11-05 17:58:03.722632+00	2025-11-05 18:14:14.722632+00	971	completed	calibration_cube.gcode	4.00	0.0283	{"object_name": "Calibration Cube", "dimensions_x": 60, "dimensions_y": 70, "dimensions_z": 40, "total_layers": 100, "layer_height_mm": 0.2, "estimated_time_seconds": 971, "infill_density_percent": 15}	\N	\N	\N	/dpp_reports/dpp_job_demo_6179.pdf	\N	\N	\N	\N
1967	prusa_mini_plus_1	\N	2025-11-05 17:58:03.756578+00	2025-11-05 18:14:24.756578+00	981	completed	enclosure_part.gcode	4.10	0.0286	{"object_name": "Enclosure Part", "dimensions_x": 60, "dimensions_y": 70, "dimensions_z": 40, "total_layers": 280, "layer_height_mm": 0.15, "estimated_time_seconds": 981, "infill_density_percent": 22}	\N	\N	\N	/dpp_reports/dpp_job_demo_2617.pdf	\N	\N	\N	\N
1913	artillery_genius_pro_1	\N	2025-11-05 14:14:40.416166+00	2025-11-05 14:23:43.416166+00	543	completed	temperature_tower.gcode	2.30	0.0158	{"object_name": "Temperature Tower", "dimensions_x": 60, "dimensions_y": 70, "dimensions_z": 40, "total_layers": 320, "layer_height_mm": 0.2, "estimated_time_seconds": 543, "infill_density_percent": 15}	\N	\N	\N	/dpp_reports/dpp_job_demo_139.pdf	\N	\N	\N	\N
1914	flsun_qqs_pro_1	\N	2025-11-05 14:15:26.128072+00	2025-11-05 14:24:38.128072+00	552	completed	demo_model.gcode	2.30	0.0161	{"object_name": "Demo Model", "dimensions_x": 60, "dimensions_y": 70, "dimensions_z": 40, "total_layers": 150, "layer_height_mm": 0.2, "estimated_time_seconds": 552, "infill_density_percent": 18}	\N	\N	\N	/dpp_reports/dpp_job_demo_9954.pdf	\N	\N	\N	\N
1915	anycubic_kobra_max_1	\N	2025-11-05 14:16:15.353216+00	2025-11-05 14:25:03.353216+00	528	completed	enclosure_part.gcode	2.20	0.0154	{"object_name": "Enclosure Part", "dimensions_x": 60, "dimensions_y": 70, "dimensions_z": 40, "total_layers": 280, "layer_height_mm": 0.15, "estimated_time_seconds": 528, "infill_density_percent": 22}	\N	\N	\N	/dpp_reports/dpp_job_demo_7052.pdf	\N	\N	\N	\N
1916	prusa_mk4_3	\N	2025-11-05 14:17:15.03311+00	2025-11-05 14:26:08.03311+00	533	completed	demo_model.gcode	2.20	0.0155	{"object_name": "Demo Model", "dimensions_x": 60, "dimensions_y": 70, "dimensions_z": 40, "total_layers": 150, "layer_height_mm": 0.2, "estimated_time_seconds": 533, "infill_density_percent": 18}	\N	\N	\N	/dpp_reports/dpp_job_demo_6830.pdf	\N	\N	\N	\N
1917	prusa_mini_plus_1	\N	2025-11-05 12:27:39.051058+00	2025-11-05 14:27:59.051058+00	7220	completed	temperature_tower.gcode	30.10	0.2106	{"object_name": "Temperature Tower", "dimensions_x": 60, "dimensions_y": 70, "dimensions_z": 40, "total_layers": 320, "layer_height_mm": 0.2, "estimated_time_seconds": 7220, "infill_density_percent": 15}	\N	\N	\N	/dpp_reports/dpp_job_demo_553.pdf	\N	\N	\N	\N
1918	creality_ender3_v2_1	\N	2025-11-05 12:57:39.120885+00	2025-11-05 14:28:39.120885+00	5460	completed	functional_part.gcode	22.80	0.1593	{"object_name": "Functional Part", "dimensions_x": 60, "dimensions_y": 70, "dimensions_z": 40, "total_layers": 200, "layer_height_mm": 0.15, "estimated_time_seconds": 5460, "infill_density_percent": 30}	\N	\N	\N	/dpp_reports/dpp_job_demo_717.pdf	\N	\N	\N	\N
1919	bambu_x1_carbon_1	\N	2025-11-05 11:49:39.14808+00	2025-11-05 14:28:59.14808+00	9560	completed	bracket_mount.gcode	39.80	0.2788	{"object_name": "Bracket Mount", "dimensions_x": 60, "dimensions_y": 70, "dimensions_z": 40, "total_layers": 140, "layer_height_mm": 0.2, "estimated_time_seconds": 9560, "infill_density_percent": 35}	\N	\N	\N	/dpp_reports/dpp_job_demo_896.pdf	\N	\N	\N	\N
1968	artillery_sidewinder_x2_1	\N	2025-11-05 18:07:24.64717+00	2025-11-05 18:23:35.64717+00	971	completed	functional_part.gcode	4.00	0.0283	{"object_name": "Functional Part", "dimensions_x": 60, "dimensions_y": 70, "dimensions_z": 40, "total_layers": 200, "layer_height_mm": 0.15, "estimated_time_seconds": 971, "infill_density_percent": 30}	\N	\N	\N	/dpp_reports/dpp_job_demo_5353.pdf	\N	\N	\N	\N
1969	elegoo_neptune4_pro_1	\N	2025-11-05 18:19:35.882376+00	2025-11-05 18:34:36.882376+00	901	completed	test_print.gcode	3.80	0.0263	{"object_name": "Test Print", "dimensions_x": 60, "dimensions_y": 70, "dimensions_z": 40, "total_layers": 120, "layer_height_mm": 0.2, "estimated_time_seconds": 901, "infill_density_percent": 20}	\N	\N	\N	/dpp_reports/dpp_job_demo_1034.pdf	\N	\N	\N	\N
1970	voron_24_1	\N	2025-11-05 18:20:06.104911+00	2025-11-05 18:35:57.104911+00	951	completed	calibration_cube.gcode	4.00	0.0277	{"object_name": "Calibration Cube", "dimensions_x": 60, "dimensions_y": 70, "dimensions_z": 40, "total_layers": 100, "layer_height_mm": 0.2, "estimated_time_seconds": 951, "infill_density_percent": 15}	\N	\N	\N	/dpp_reports/dpp_job_demo_2407.pdf	\N	\N	\N	\N
1971	prusa_mini_plus_1	\N	2025-11-05 18:23:15.714252+00	2025-11-05 18:40:37.714252+00	1042	completed	bracket_mount.gcode	4.30	0.0304	{"object_name": "Bracket Mount", "dimensions_x": 60, "dimensions_y": 70, "dimensions_z": 40, "total_layers": 140, "layer_height_mm": 0.2, "estimated_time_seconds": 1042, "infill_density_percent": 35}	\N	\N	\N	/dpp_reports/dpp_job_demo_7173.pdf	\N	\N	\N	\N
1972	creality_ender3_v2_1	\N	2025-11-05 18:30:46.373586+00	2025-11-05 18:46:58.373586+00	972	completed	prototype_v2.gcode	4.00	0.0284	{"object_name": "Prototype V2", "dimensions_x": 60, "dimensions_y": 70, "dimensions_z": 40, "total_layers": 180, "layer_height_mm": 0.2, "estimated_time_seconds": 972, "infill_density_percent": 25}	\N	\N	\N	/dpp_reports/dpp_job_demo_6274.pdf	\N	\N	\N	\N
1973	prusa_xl_1	\N	2025-11-05 18:34:47.801056+00	2025-11-05 18:50:58.801056+00	971	completed	functional_part.gcode	4.00	0.0283	{"object_name": "Functional Part", "dimensions_x": 60, "dimensions_y": 70, "dimensions_z": 40, "total_layers": 200, "layer_height_mm": 0.15, "estimated_time_seconds": 971, "infill_density_percent": 30}	\N	\N	\N	/dpp_reports/dpp_job_demo_2375.pdf	\N	\N	\N	\N
1974	bambu_x1_carbon_1	\N	2025-11-05 18:37:28.006413+00	2025-11-05 18:52:49.006413+00	921	completed	temperature_tower.gcode	3.80	0.0269	{"object_name": "Temperature Tower", "dimensions_x": 60, "dimensions_y": 70, "dimensions_z": 40, "total_layers": 320, "layer_height_mm": 0.2, "estimated_time_seconds": 921, "infill_density_percent": 15}	\N	\N	\N	/dpp_reports/dpp_job_demo_2314.pdf	\N	\N	\N	\N
1975	voron_24_1	\N	2025-11-05 18:39:37.672483+00	2025-11-05 18:56:39.672483+00	1022	completed	temperature_tower.gcode	4.30	0.0298	{"object_name": "Temperature Tower", "dimensions_x": 60, "dimensions_y": 70, "dimensions_z": 40, "total_layers": 320, "layer_height_mm": 0.2, "estimated_time_seconds": 1022, "infill_density_percent": 15}	\N	\N	\N	/dpp_reports/dpp_job_demo_714.pdf	\N	\N	\N	\N
1976	prusa_mk4_1	\N	2025-11-05 18:42:27.961398+00	2025-11-05 18:58:39.961398+00	972	completed	benchy.gcode	4.00	0.0284	{"object_name": "Benchy", "dimensions_x": 60, "dimensions_y": 70, "dimensions_z": 40, "total_layers": 240, "layer_height_mm": 0.2, "estimated_time_seconds": 972, "infill_density_percent": 20}	\N	\N	\N	/dpp_reports/dpp_job_demo_9666.pdf	\N	\N	\N	\N
1977	artillery_sidewinder_x2_1	\N	2025-11-05 18:43:07.991476+00	2025-11-05 18:58:49.991476+00	942	completed	benchy.gcode	3.90	0.0275	{"object_name": "Benchy", "dimensions_x": 60, "dimensions_y": 70, "dimensions_z": 40, "total_layers": 240, "layer_height_mm": 0.2, "estimated_time_seconds": 942, "infill_density_percent": 20}	\N	\N	\N	/dpp_reports/dpp_job_demo_7801.pdf	\N	\N	\N	\N
1978	prusa_mini_plus_1	\N	2025-11-05 18:43:28.15754+00	2025-11-05 18:59:40.15754+00	972	completed	functional_part.gcode	4.00	0.0284	{"object_name": "Functional Part", "dimensions_x": 60, "dimensions_y": 70, "dimensions_z": 40, "total_layers": 200, "layer_height_mm": 0.15, "estimated_time_seconds": 972, "infill_density_percent": 30}	\N	\N	\N	/dpp_reports/dpp_job_demo_4947.pdf	\N	\N	\N	\N
1979	bambu_x1_carbon_1	\N	2025-11-05 18:56:30.463267+00	2025-11-05 19:11:01.463267+00	871	completed	calibration_cube.gcode	3.60	0.0254	{"object_name": "Calibration Cube", "dimensions_x": 60, "dimensions_y": 70, "dimensions_z": 40, "total_layers": 100, "layer_height_mm": 0.2, "estimated_time_seconds": 871, "infill_density_percent": 15}	\N	\N	\N	/dpp_reports/dpp_job_demo_8432.pdf	\N	\N	\N	\N
1980	prusa_xl_1	\N	2025-11-05 18:55:29.575788+00	2025-11-05 19:11:41.575788+00	972	completed	functional_part.gcode	4.00	0.0284	{"object_name": "Functional Part", "dimensions_x": 60, "dimensions_y": 70, "dimensions_z": 40, "total_layers": 200, "layer_height_mm": 0.15, "estimated_time_seconds": 972, "infill_density_percent": 30}	\N	\N	\N	/dpp_reports/dpp_job_demo_5498.pdf	\N	\N	\N	\N
1981	elegoo_neptune4_pro_1	\N	2025-11-05 18:58:20.282094+00	2025-11-05 19:16:22.282094+00	1082	completed	benchy.gcode	4.50	0.0316	{"object_name": "Benchy", "dimensions_x": 60, "dimensions_y": 70, "dimensions_z": 40, "total_layers": 240, "layer_height_mm": 0.2, "estimated_time_seconds": 1082, "infill_density_percent": 20}	\N	\N	\N	/dpp_reports/dpp_job_demo_5508.pdf	\N	\N	\N	\N
1982	voron_24_1	\N	2025-11-05 19:03:40.648387+00	2025-11-05 19:19:02.648387+00	922	completed	prototype_v2.gcode	3.80	0.0269	{"object_name": "Prototype V2", "dimensions_x": 60, "dimensions_y": 70, "dimensions_z": 40, "total_layers": 180, "layer_height_mm": 0.2, "estimated_time_seconds": 922, "infill_density_percent": 25}	\N	\N	\N	/dpp_reports/dpp_job_demo_2563.pdf	\N	\N	\N	\N
1983	prusa_xl_1	\N	2025-11-05 19:14:32.763391+00	2025-11-05 19:30:53.763391+00	981	completed	enclosure_part.gcode	4.10	0.0286	{"object_name": "Enclosure Part", "dimensions_x": 60, "dimensions_y": 70, "dimensions_z": 40, "total_layers": 280, "layer_height_mm": 0.15, "estimated_time_seconds": 981, "infill_density_percent": 22}	\N	\N	\N	/dpp_reports/dpp_job_demo_9700.pdf	\N	\N	\N	\N
1984	prusa_mk4_1	\N	2025-11-05 19:15:02.842893+00	2025-11-05 19:31:33.842893+00	991	completed	bracket_mount.gcode	4.10	0.0289	{"object_name": "Bracket Mount", "dimensions_x": 60, "dimensions_y": 70, "dimensions_z": 40, "total_layers": 140, "layer_height_mm": 0.2, "estimated_time_seconds": 991, "infill_density_percent": 35}	\N	\N	\N	/dpp_reports/dpp_job_demo_5626.pdf	\N	\N	\N	\N
1985	prusa_mini_plus_1	\N	2025-11-05 19:16:52.909897+00	2025-11-05 19:31:53.909897+00	901	completed	enclosure_part.gcode	3.80	0.0263	{"object_name": "Enclosure Part", "dimensions_x": 60, "dimensions_y": 70, "dimensions_z": 40, "total_layers": 280, "layer_height_mm": 0.15, "estimated_time_seconds": 901, "infill_density_percent": 22}	\N	\N	\N	/dpp_reports/dpp_job_demo_6044.pdf	\N	\N	\N	\N
1986	bambu_x1_carbon_1	\N	2025-11-05 19:19:43.141707+00	2025-11-05 19:35:44.141707+00	961	completed	temperature_tower.gcode	4.00	0.0280	{"object_name": "Temperature Tower", "dimensions_x": 60, "dimensions_y": 70, "dimensions_z": 40, "total_layers": 320, "layer_height_mm": 0.2, "estimated_time_seconds": 961, "infill_density_percent": 15}	\N	\N	\N	/dpp_reports/dpp_job_demo_4848.pdf	\N	\N	\N	\N
1987	elegoo_neptune4_pro_1	\N	2025-11-05 19:24:53.597882+00	2025-11-05 19:41:44.597882+00	1011	completed	prototype_v2.gcode	4.20	0.0295	{"object_name": "Prototype V2", "dimensions_x": 60, "dimensions_y": 70, "dimensions_z": 40, "total_layers": 180, "layer_height_mm": 0.2, "estimated_time_seconds": 1011, "infill_density_percent": 25}	\N	\N	\N	/dpp_reports/dpp_job_demo_3497.pdf	\N	\N	\N	\N
1988	creality_ender3_v2_1	\N	2025-11-05 19:25:43.647969+00	2025-11-05 19:42:04.647969+00	981	completed	functional_part.gcode	4.10	0.0286	{"object_name": "Functional Part", "dimensions_x": 60, "dimensions_y": 70, "dimensions_z": 40, "total_layers": 200, "layer_height_mm": 0.15, "estimated_time_seconds": 981, "infill_density_percent": 30}	\N	\N	\N	/dpp_reports/dpp_job_demo_1215.pdf	\N	\N	\N	\N
1989	prusa_mini_plus_1	\N	2025-11-05 19:35:54.828361+00	2025-11-05 19:51:15.828361+00	921	completed	calibration_cube.gcode	3.80	0.0269	{"object_name": "Calibration Cube", "dimensions_x": 60, "dimensions_y": 70, "dimensions_z": 40, "total_layers": 100, "layer_height_mm": 0.2, "estimated_time_seconds": 921, "infill_density_percent": 15}	\N	\N	\N	/dpp_reports/dpp_job_demo_9967.pdf	\N	\N	\N	\N
1990	bambu_p1s_1	\N	2025-11-05 19:41:25.557911+00	2025-11-05 19:56:56.557911+00	931	completed	temperature_tower.gcode	3.90	0.0272	{"object_name": "Temperature Tower", "dimensions_x": 60, "dimensions_y": 70, "dimensions_z": 40, "total_layers": 320, "layer_height_mm": 0.2, "estimated_time_seconds": 931, "infill_density_percent": 15}	\N	\N	\N	/dpp_reports/dpp_job_demo_2534.pdf	\N	\N	\N	\N
1991	bambu_x1_carbon_1	\N	2025-11-05 19:42:14.722427+00	2025-11-05 19:57:56.722427+00	942	completed	demo_model.gcode	3.90	0.0275	{"object_name": "Demo Model", "dimensions_x": 60, "dimensions_y": 70, "dimensions_z": 40, "total_layers": 150, "layer_height_mm": 0.2, "estimated_time_seconds": 942, "infill_density_percent": 18}	\N	\N	\N	/dpp_reports/dpp_job_demo_5354.pdf	\N	\N	\N	\N
1992	voron_24_1	\N	2025-11-05 19:49:56.435507+00	2025-11-05 20:06:27.435507+00	991	completed	prototype_v2.gcode	4.10	0.0289	{"object_name": "Prototype V2", "dimensions_x": 60, "dimensions_y": 70, "dimensions_z": 40, "total_layers": 180, "layer_height_mm": 0.2, "estimated_time_seconds": 991, "infill_density_percent": 25}	\N	\N	\N	/dpp_reports/dpp_job_demo_9890.pdf	\N	\N	\N	\N
1993	prusa_xl_1	\N	2025-11-05 19:52:46.594869+00	2025-11-05 20:08:17.594869+00	931	completed	test_print.gcode	3.90	0.0272	{"object_name": "Test Print", "dimensions_x": 60, "dimensions_y": 70, "dimensions_z": 40, "total_layers": 120, "layer_height_mm": 0.2, "estimated_time_seconds": 931, "infill_density_percent": 20}	\N	\N	\N	/dpp_reports/dpp_job_demo_6893.pdf	\N	\N	\N	\N
1994	prusa_mini_plus_1	\N	2025-11-05 19:59:27.067518+00	2025-11-05 20:15:08.067518+00	941	completed	enclosure_part.gcode	3.90	0.0274	{"object_name": "Enclosure Part", "dimensions_x": 60, "dimensions_y": 70, "dimensions_z": 40, "total_layers": 280, "layer_height_mm": 0.15, "estimated_time_seconds": 941, "infill_density_percent": 22}	\N	\N	\N	/dpp_reports/dpp_job_demo_7641.pdf	\N	\N	\N	\N
1995	voron_24_1	\N	2025-11-05 20:09:18.021539+00	2025-11-05 20:26:09.021539+00	1011	completed	demo_model.gcode	4.20	0.0295	{"object_name": "Demo Model", "dimensions_x": 60, "dimensions_y": 70, "dimensions_z": 40, "total_layers": 150, "layer_height_mm": 0.2, "estimated_time_seconds": 1011, "infill_density_percent": 18}	\N	\N	\N	/dpp_reports/dpp_job_demo_5192.pdf	\N	\N	\N	\N
1996	prusa_xl_1	\N	2025-11-05 20:16:08.894165+00	2025-11-05 20:32:39.894165+00	991	completed	bracket_mount.gcode	4.10	0.0289	{"object_name": "Bracket Mount", "dimensions_x": 60, "dimensions_y": 70, "dimensions_z": 40, "total_layers": 140, "layer_height_mm": 0.2, "estimated_time_seconds": 991, "infill_density_percent": 35}	\N	\N	\N	/dpp_reports/dpp_job_demo_1491.pdf	\N	\N	\N	\N
1997	prusa_mk4_2	\N	2025-11-05 20:19:18.413377+00	2025-11-05 20:35:40.413377+00	982	completed	bracket_mount.gcode	4.10	0.0286	{"object_name": "Bracket Mount", "dimensions_x": 60, "dimensions_y": 70, "dimensions_z": 40, "total_layers": 140, "layer_height_mm": 0.2, "estimated_time_seconds": 982, "infill_density_percent": 35}	\N	\N	\N	/dpp_reports/dpp_job_demo_6463.pdf	\N	\N	\N	\N
1998	elegoo_neptune4_pro_1	\N	2025-11-05 20:21:58.639534+00	2025-11-05 20:38:30.639534+00	992	completed	test_print.gcode	4.10	0.0289	{"object_name": "Test Print", "dimensions_x": 60, "dimensions_y": 70, "dimensions_z": 40, "total_layers": 120, "layer_height_mm": 0.2, "estimated_time_seconds": 992, "infill_density_percent": 20}	\N	\N	\N	/dpp_reports/dpp_job_demo_4494.pdf	\N	\N	\N	\N
1823	sovol_sv07_1	\N	2025-11-05 12:50:43.63072+00	2025-11-05 13:00:02.63072+00	559	completed	prototype_v2.gcode	2.30	0.0163	{"object_name": "Prototype V2", "dimensions_x": 60, "dimensions_y": 70, "dimensions_z": 40, "total_layers": 180, "layer_height_mm": 0.2, "estimated_time_seconds": 559, "infill_density_percent": 25}	\N	\N	\N	/dpp_reports/dpp_job_demo_8582.pdf	\N	\N	\N	\N
1824	bambu_x1_carbon_1	\N	2025-11-05 12:52:48.174357+00	2025-11-05 13:01:48.174357+00	540	completed	enclosure_part.gcode	2.20	0.0158	{"object_name": "Enclosure Part", "dimensions_x": 60, "dimensions_y": 70, "dimensions_z": 40, "total_layers": 280, "layer_height_mm": 0.15, "estimated_time_seconds": 540, "infill_density_percent": 22}	\N	\N	\N	/dpp_reports/dpp_job_demo_8086.pdf	\N	\N	\N	\N
1825	prusa_xl_2	\N	2025-11-05 12:53:37.268746+00	2025-11-05 13:02:03.268746+00	506	completed	temperature_tower.gcode	2.10	0.0148	{"object_name": "Temperature Tower", "dimensions_x": 60, "dimensions_y": 70, "dimensions_z": 40, "total_layers": 320, "layer_height_mm": 0.2, "estimated_time_seconds": 506, "infill_density_percent": 15}	\N	\N	\N	/dpp_reports/dpp_job_demo_4701.pdf	\N	\N	\N	\N
1826	prusa_mini_plus_2	\N	2025-11-05 12:53:12.536495+00	2025-11-05 13:02:12.536495+00	540	completed	demo_model.gcode	2.20	0.0158	{"object_name": "Demo Model", "dimensions_x": 60, "dimensions_y": 70, "dimensions_z": 40, "total_layers": 150, "layer_height_mm": 0.2, "estimated_time_seconds": 540, "infill_density_percent": 18}	\N	\N	\N	/dpp_reports/dpp_job_demo_8150.pdf	\N	\N	\N	\N
1827	voron_24_1	\N	2025-11-05 12:54:48.358779+00	2025-11-05 13:03:48.358779+00	540	completed	calibration_cube.gcode	2.20	0.0158	{"object_name": "Calibration Cube", "dimensions_x": 60, "dimensions_y": 70, "dimensions_z": 40, "total_layers": 100, "layer_height_mm": 0.2, "estimated_time_seconds": 540, "infill_density_percent": 15}	\N	\N	\N	/dpp_reports/dpp_job_demo_1147.pdf	\N	\N	\N	\N
1828	prusa_mk3s_plus_1	\N	2025-11-05 12:54:52.639875+00	2025-11-05 13:04:18.639875+00	566	completed	demo_model.gcode	2.40	0.0165	{"object_name": "Demo Model", "dimensions_x": 60, "dimensions_y": 70, "dimensions_z": 40, "total_layers": 150, "layer_height_mm": 0.2, "estimated_time_seconds": 566, "infill_density_percent": 18}	\N	\N	\N	/dpp_reports/dpp_job_demo_8172.pdf	\N	\N	\N	\N
1829	elegoo_neptune4_pro_1	\N	2025-11-05 12:55:48.134449+00	2025-11-05 13:04:54.134449+00	546	completed	bracket_mount.gcode	2.30	0.0159	{"object_name": "Bracket Mount", "dimensions_x": 60, "dimensions_y": 70, "dimensions_z": 40, "total_layers": 140, "layer_height_mm": 0.2, "estimated_time_seconds": 546, "infill_density_percent": 35}	\N	\N	\N	/dpp_reports/dpp_job_demo_8421.pdf	\N	\N	\N	\N
2000	voron_24_1	\N	2025-11-05 20:29:40.230041+00	2025-11-05 20:45:51.230041+00	971	completed	prototype_v2.gcode	4.00	0.0283	{"object_name": "Prototype V2", "dimensions_x": 60, "dimensions_y": 70, "dimensions_z": 40, "total_layers": 180, "layer_height_mm": 0.2, "estimated_time_seconds": 971, "infill_density_percent": 25}	\N	\N	\N	/dpp_reports/dpp_job_demo_5577.pdf	\N	\N	\N	\N
2001	artillery_sidewinder_x2_1	\N	2025-11-05 20:32:30.490179+00	2025-11-05 20:49:01.490179+00	991	completed	functional_part.gcode	4.10	0.0289	{"object_name": "Functional Part", "dimensions_x": 60, "dimensions_y": 70, "dimensions_z": 40, "total_layers": 200, "layer_height_mm": 0.15, "estimated_time_seconds": 991, "infill_density_percent": 30}	\N	\N	\N	/dpp_reports/dpp_job_demo_254.pdf	\N	\N	\N	\N
2002	prusa_xl_1	\N	2025-11-05 20:34:50.575236+00	2025-11-05 20:50:11.575236+00	921	completed	benchy.gcode	3.80	0.0269	{"object_name": "Benchy", "dimensions_x": 60, "dimensions_y": 70, "dimensions_z": 40, "total_layers": 240, "layer_height_mm": 0.2, "estimated_time_seconds": 921, "infill_density_percent": 20}	\N	\N	\N	/dpp_reports/dpp_job_demo_780.pdf	\N	\N	\N	\N
2003	creality_ender3_v2_1	\N	2025-11-05 20:38:31.168793+00	2025-11-05 20:56:12.168793+00	1061	completed	calibration_cube.gcode	4.40	0.0309	{"object_name": "Calibration Cube", "dimensions_x": 60, "dimensions_y": 70, "dimensions_z": 40, "total_layers": 100, "layer_height_mm": 0.2, "estimated_time_seconds": 1061, "infill_density_percent": 15}	\N	\N	\N	/dpp_reports/dpp_job_demo_2192.pdf	\N	\N	\N	\N
2004	prusa_mk4_2	\N	2025-11-05 20:42:41.320007+00	2025-11-05 20:58:32.320007+00	951	completed	prototype_v2.gcode	4.00	0.0277	{"object_name": "Prototype V2", "dimensions_x": 60, "dimensions_y": 70, "dimensions_z": 40, "total_layers": 180, "layer_height_mm": 0.2, "estimated_time_seconds": 951, "infill_density_percent": 25}	\N	\N	\N	/dpp_reports/dpp_job_demo_9907.pdf	\N	\N	\N	\N
2005	bambu_p1s_1	\N	2025-11-05 20:48:51.723115+00	2025-11-05 21:04:02.723115+00	911	completed	bracket_mount.gcode	3.80	0.0266	{"object_name": "Bracket Mount", "dimensions_x": 60, "dimensions_y": 70, "dimensions_z": 40, "total_layers": 140, "layer_height_mm": 0.2, "estimated_time_seconds": 911, "infill_density_percent": 35}	\N	\N	\N	/dpp_reports/dpp_job_demo_34.pdf	\N	\N	\N	\N
2006	voron_24_1	\N	2025-11-05 20:48:51.783132+00	2025-11-05 21:05:02.783132+00	971	completed	demo_model.gcode	4.00	0.0283	{"object_name": "Demo Model", "dimensions_x": 60, "dimensions_y": 70, "dimensions_z": 40, "total_layers": 150, "layer_height_mm": 0.2, "estimated_time_seconds": 971, "infill_density_percent": 18}	\N	\N	\N	/dpp_reports/dpp_job_demo_5232.pdf	\N	\N	\N	\N
2007	creality_ender3_v2_1	\N	2025-11-05 20:59:12.842067+00	2025-11-05 21:15:13.842067+00	961	completed	functional_part.gcode	4.00	0.0280	{"object_name": "Functional Part", "dimensions_x": 60, "dimensions_y": 70, "dimensions_z": 40, "total_layers": 200, "layer_height_mm": 0.15, "estimated_time_seconds": 961, "infill_density_percent": 30}	\N	\N	\N	/dpp_reports/dpp_job_demo_5159.pdf	\N	\N	\N	\N
2008	voron_24_1	\N	2025-11-05 21:08:03.760301+00	2025-11-05 21:23:34.760301+00	931	completed	functional_part.gcode	3.90	0.0272	{"object_name": "Functional Part", "dimensions_x": 60, "dimensions_y": 70, "dimensions_z": 40, "total_layers": 200, "layer_height_mm": 0.15, "estimated_time_seconds": 931, "infill_density_percent": 30}	\N	\N	\N	/dpp_reports/dpp_job_demo_9162.pdf	\N	\N	\N	\N
2009	prusa_mini_plus_1	\N	2025-11-05 21:09:53.97885+00	2025-11-05 21:25:44.97885+00	951	completed	benchy.gcode	4.00	0.0277	{"object_name": "Benchy", "dimensions_x": 60, "dimensions_y": 70, "dimensions_z": 40, "total_layers": 240, "layer_height_mm": 0.2, "estimated_time_seconds": 951, "infill_density_percent": 20}	\N	\N	\N	/dpp_reports/dpp_job_demo_9425.pdf	\N	\N	\N	\N
2010	prusa_mk4_1	\N	2025-11-05 21:11:04.135999+00	2025-11-05 21:26:55.135999+00	951	completed	prototype_v2.gcode	4.00	0.0277	{"object_name": "Prototype V2", "dimensions_x": 60, "dimensions_y": 70, "dimensions_z": 40, "total_layers": 180, "layer_height_mm": 0.2, "estimated_time_seconds": 951, "infill_density_percent": 25}	\N	\N	\N	/dpp_reports/dpp_job_demo_762.pdf	\N	\N	\N	\N
2011	bambu_x1_carbon_1	\N	2025-11-05 21:12:03.451031+00	2025-11-05 21:28:45.451031+00	1002	completed	temperature_tower.gcode	4.20	0.0292	{"object_name": "Temperature Tower", "dimensions_x": 60, "dimensions_y": 70, "dimensions_z": 40, "total_layers": 320, "layer_height_mm": 0.2, "estimated_time_seconds": 1002, "infill_density_percent": 15}	\N	\N	\N	/dpp_reports/dpp_job_demo_9305.pdf	\N	\N	\N	\N
2012	bambu_p1s_1	\N	2025-11-05 21:20:05.150171+00	2025-11-05 21:35:56.150171+00	951	completed	temperature_tower.gcode	4.00	0.0277	{"object_name": "Temperature Tower", "dimensions_x": 60, "dimensions_y": 70, "dimensions_z": 40, "total_layers": 320, "layer_height_mm": 0.2, "estimated_time_seconds": 951, "infill_density_percent": 15}	\N	\N	\N	/dpp_reports/dpp_job_demo_3380.pdf	\N	\N	\N	\N
2013	artillery_sidewinder_x2_1	\N	2025-11-05 21:22:55.369973+00	2025-11-05 21:39:06.369973+00	971	completed	demo_model.gcode	4.00	0.0283	{"object_name": "Demo Model", "dimensions_x": 60, "dimensions_y": 70, "dimensions_z": 40, "total_layers": 150, "layer_height_mm": 0.2, "estimated_time_seconds": 971, "infill_density_percent": 18}	\N	\N	\N	/dpp_reports/dpp_job_demo_55.pdf	\N	\N	\N	\N
2014	elegoo_neptune4_pro_1	\N	2025-11-05 21:30:25.934684+00	2025-11-05 21:45:46.934684+00	921	completed	prototype_v2.gcode	3.80	0.0269	{"object_name": "Prototype V2", "dimensions_x": 60, "dimensions_y": 70, "dimensions_z": 40, "total_layers": 180, "layer_height_mm": 0.2, "estimated_time_seconds": 921, "infill_density_percent": 25}	\N	\N	\N	/dpp_reports/dpp_job_demo_1938.pdf	\N	\N	\N	\N
2015	creality_ender3_v2_1	\N	2025-11-05 21:31:56.028296+00	2025-11-05 21:46:47.028296+00	891	completed	functional_part.gcode	3.70	0.0260	{"object_name": "Functional Part", "dimensions_x": 60, "dimensions_y": 70, "dimensions_z": 40, "total_layers": 200, "layer_height_mm": 0.15, "estimated_time_seconds": 891, "infill_density_percent": 30}	\N	\N	\N	/dpp_reports/dpp_job_demo_8060.pdf	\N	\N	\N	\N
2016	prusa_mk4_1	\N	2025-11-05 21:34:26.511831+00	2025-11-05 21:50:47.511831+00	981	completed	bracket_mount.gcode	4.10	0.0286	{"object_name": "Bracket Mount", "dimensions_x": 60, "dimensions_y": 70, "dimensions_z": 40, "total_layers": 140, "layer_height_mm": 0.2, "estimated_time_seconds": 981, "infill_density_percent": 35}	\N	\N	\N	/dpp_reports/dpp_job_demo_7740.pdf	\N	\N	\N	\N
2017	bambu_x1_carbon_1	\N	2025-11-05 21:43:17.523863+00	2025-11-05 21:58:38.523863+00	921	completed	bracket_mount.gcode	3.80	0.0269	{"object_name": "Bracket Mount", "dimensions_x": 60, "dimensions_y": 70, "dimensions_z": 40, "total_layers": 140, "layer_height_mm": 0.2, "estimated_time_seconds": 921, "infill_density_percent": 35}	\N	\N	\N	/dpp_reports/dpp_job_demo_3780.pdf	\N	\N	\N	\N
2018	voron_24_1	\N	2025-11-05 21:41:57.603022+00	2025-11-05 21:59:08.603022+00	1031	completed	bracket_mount.gcode	4.30	0.0301	{"object_name": "Bracket Mount", "dimensions_x": 60, "dimensions_y": 70, "dimensions_z": 40, "total_layers": 140, "layer_height_mm": 0.2, "estimated_time_seconds": 1031, "infill_density_percent": 35}	\N	\N	\N	/dpp_reports/dpp_job_demo_9487.pdf	\N	\N	\N	\N
2019	creality_ender3_v2_1	\N	2025-11-05 21:50:18.133486+00	2025-11-05 22:05:19.133486+00	901	completed	enclosure_part.gcode	3.80	0.0263	{"object_name": "Enclosure Part", "dimensions_x": 60, "dimensions_y": 70, "dimensions_z": 40, "total_layers": 280, "layer_height_mm": 0.15, "estimated_time_seconds": 901, "infill_density_percent": 22}	\N	\N	\N	/dpp_reports/dpp_job_demo_6204.pdf	\N	\N	\N	\N
2020	elegoo_neptune4_pro_1	\N	2025-11-05 22:02:29.26335+00	2025-11-05 22:18:50.26335+00	981	completed	functional_part.gcode	4.10	0.0286	{"object_name": "Functional Part", "dimensions_x": 60, "dimensions_y": 70, "dimensions_z": 40, "total_layers": 200, "layer_height_mm": 0.15, "estimated_time_seconds": 981, "infill_density_percent": 30}	\N	\N	\N	/dpp_reports/dpp_job_demo_1968.pdf	\N	\N	\N	\N
2021	prusa_mini_plus_1	\N	2025-11-05 22:05:29.422437+00	2025-11-05 22:21:10.422437+00	941	completed	prototype_v2.gcode	3.90	0.0274	{"object_name": "Prototype V2", "dimensions_x": 60, "dimensions_y": 70, "dimensions_z": 40, "total_layers": 180, "layer_height_mm": 0.2, "estimated_time_seconds": 941, "infill_density_percent": 25}	\N	\N	\N	/dpp_reports/dpp_job_demo_5371.pdf	\N	\N	\N	\N
2022	bambu_x1_carbon_1	\N	2025-11-05 22:06:19.522413+00	2025-11-05 22:22:00.522413+00	941	completed	bracket_mount.gcode	3.90	0.0274	{"object_name": "Bracket Mount", "dimensions_x": 60, "dimensions_y": 70, "dimensions_z": 40, "total_layers": 140, "layer_height_mm": 0.2, "estimated_time_seconds": 941, "infill_density_percent": 35}	\N	\N	\N	/dpp_reports/dpp_job_demo_2929.pdf	\N	\N	\N	\N
2023	prusa_mk4_2	\N	2025-11-05 22:06:19.58933+00	2025-11-05 22:22:50.58933+00	991	completed	functional_part.gcode	4.10	0.0289	{"object_name": "Functional Part", "dimensions_x": 60, "dimensions_y": 70, "dimensions_z": 40, "total_layers": 200, "layer_height_mm": 0.15, "estimated_time_seconds": 991, "infill_density_percent": 30}	\N	\N	\N	/dpp_reports/dpp_job_demo_1937.pdf	\N	\N	\N	\N
2024	prusa_xl_1	\N	2025-11-05 22:10:49.813516+00	2025-11-05 22:25:50.813516+00	901	completed	calibration_cube.gcode	3.80	0.0263	{"object_name": "Calibration Cube", "dimensions_x": 60, "dimensions_y": 70, "dimensions_z": 40, "total_layers": 100, "layer_height_mm": 0.2, "estimated_time_seconds": 901, "infill_density_percent": 15}	\N	\N	\N	/dpp_reports/dpp_job_demo_3973.pdf	\N	\N	\N	\N
2025	artillery_sidewinder_x2_1	\N	2025-11-05 22:17:50.875535+00	2025-11-05 22:33:31.875535+00	941	completed	test_print.gcode	3.90	0.0274	{"object_name": "Test Print", "dimensions_x": 60, "dimensions_y": 70, "dimensions_z": 40, "total_layers": 120, "layer_height_mm": 0.2, "estimated_time_seconds": 941, "infill_density_percent": 20}	\N	\N	\N	/dpp_reports/dpp_job_demo_7206.pdf	\N	\N	\N	\N
2026	bambu_p1s_1	\N	2025-11-05 22:20:01.166751+00	2025-11-05 22:35:22.166751+00	921	completed	temperature_tower.gcode	3.80	0.0269	{"object_name": "Temperature Tower", "dimensions_x": 60, "dimensions_y": 70, "dimensions_z": 40, "total_layers": 320, "layer_height_mm": 0.2, "estimated_time_seconds": 921, "infill_density_percent": 15}	\N	\N	\N	/dpp_reports/dpp_job_demo_4039.pdf	\N	\N	\N	\N
2027	prusa_mini_plus_1	\N	2025-11-05 22:23:21.588545+00	2025-11-05 22:38:52.588545+00	931	completed	calibration_cube.gcode	3.90	0.0272	{"object_name": "Calibration Cube", "dimensions_x": 60, "dimensions_y": 70, "dimensions_z": 40, "total_layers": 100, "layer_height_mm": 0.2, "estimated_time_seconds": 931, "infill_density_percent": 15}	\N	\N	\N	/dpp_reports/dpp_job_demo_701.pdf	\N	\N	\N	\N
2028	elegoo_neptune4_pro_1	\N	2025-11-05 22:30:02.374741+00	2025-11-05 22:45:43.374741+00	941	completed	prototype_v2.gcode	3.90	0.0274	{"object_name": "Prototype V2", "dimensions_x": 60, "dimensions_y": 70, "dimensions_z": 40, "total_layers": 180, "layer_height_mm": 0.2, "estimated_time_seconds": 941, "infill_density_percent": 25}	\N	\N	\N	/dpp_reports/dpp_job_demo_905.pdf	\N	\N	\N	\N
2029	bambu_x1_carbon_1	\N	2025-11-05 22:31:02.474745+00	2025-11-05 22:46:53.474745+00	951	completed	calibration_cube.gcode	4.00	0.0277	{"object_name": "Calibration Cube", "dimensions_x": 60, "dimensions_y": 70, "dimensions_z": 40, "total_layers": 100, "layer_height_mm": 0.2, "estimated_time_seconds": 951, "infill_density_percent": 15}	\N	\N	\N	/dpp_reports/dpp_job_demo_340.pdf	\N	\N	\N	\N
2030	prusa_mk4_2	\N	2025-11-05 22:42:03.489393+00	2025-11-05 22:57:44.489393+00	941	completed	test_print.gcode	3.90	0.0274	{"object_name": "Test Print", "dimensions_x": 60, "dimensions_y": 70, "dimensions_z": 40, "total_layers": 120, "layer_height_mm": 0.2, "estimated_time_seconds": 941, "infill_density_percent": 20}	\N	\N	\N	/dpp_reports/dpp_job_demo_2800.pdf	\N	\N	\N	\N
2031	bambu_x1_carbon_1	\N	2025-11-05 22:49:14.194423+00	2025-11-05 23:04:25.194423+00	911	completed	test_print.gcode	3.80	0.0266	{"object_name": "Test Print", "dimensions_x": 60, "dimensions_y": 70, "dimensions_z": 40, "total_layers": 120, "layer_height_mm": 0.2, "estimated_time_seconds": 911, "infill_density_percent": 20}	\N	\N	\N	/dpp_reports/dpp_job_demo_7645.pdf	\N	\N	\N	\N
2032	artillery_sidewinder_x2_1	\N	2025-11-05 22:48:54.194423+00	2025-11-05 23:04:25.194423+00	931	completed	bracket_mount.gcode	3.90	0.0272	{"object_name": "Bracket Mount", "dimensions_x": 60, "dimensions_y": 70, "dimensions_z": 40, "total_layers": 140, "layer_height_mm": 0.2, "estimated_time_seconds": 931, "infill_density_percent": 35}	\N	\N	\N	/dpp_reports/dpp_job_demo_7489.pdf	\N	\N	\N	\N
2033	prusa_xl_1	\N	2025-11-05 22:55:14.982012+00	2025-11-05 23:11:05.982012+00	951	completed	benchy.gcode	4.00	0.0277	{"object_name": "Benchy", "dimensions_x": 60, "dimensions_y": 70, "dimensions_z": 40, "total_layers": 240, "layer_height_mm": 0.2, "estimated_time_seconds": 951, "infill_density_percent": 20}	\N	\N	\N	/dpp_reports/dpp_job_demo_1024.pdf	\N	\N	\N	\N
2034	voron_24_1	\N	2025-11-05 22:56:35.361844+00	2025-11-05 23:13:36.361844+00	1021	completed	bracket_mount.gcode	4.30	0.0298	{"object_name": "Bracket Mount", "dimensions_x": 60, "dimensions_y": 70, "dimensions_z": 40, "total_layers": 140, "layer_height_mm": 0.2, "estimated_time_seconds": 1021, "infill_density_percent": 35}	\N	\N	\N	/dpp_reports/dpp_job_demo_8005.pdf	\N	\N	\N	\N
2035	prusa_mk4_2	\N	2025-11-05 22:59:35.518807+00	2025-11-05 23:15:26.518807+00	951	completed	test_print.gcode	4.00	0.0277	{"object_name": "Test Print", "dimensions_x": 60, "dimensions_y": 70, "dimensions_z": 40, "total_layers": 120, "layer_height_mm": 0.2, "estimated_time_seconds": 951, "infill_density_percent": 20}	\N	\N	\N	/dpp_reports/dpp_job_demo_7759.pdf	\N	\N	\N	\N
2036	bambu_p1s_1	\N	2025-11-05 23:05:05.93035+00	2025-11-05 23:20:16.93035+00	911	completed	bracket_mount.gcode	3.80	0.0266	{"object_name": "Bracket Mount", "dimensions_x": 60, "dimensions_y": 70, "dimensions_z": 40, "total_layers": 140, "layer_height_mm": 0.2, "estimated_time_seconds": 911, "infill_density_percent": 35}	\N	\N	\N	/dpp_reports/dpp_job_demo_4556.pdf	\N	\N	\N	\N
2037	artillery_sidewinder_x2_1	\N	2025-11-05 23:05:56.171489+00	2025-11-05 23:21:57.171489+00	961	completed	test_print.gcode	4.00	0.0280	{"object_name": "Test Print", "dimensions_x": 60, "dimensions_y": 70, "dimensions_z": 40, "total_layers": 120, "layer_height_mm": 0.2, "estimated_time_seconds": 961, "infill_density_percent": 20}	\N	\N	\N	/dpp_reports/dpp_job_demo_8345.pdf	\N	\N	\N	\N
2038	creality_ender3_v2_1	\N	2025-11-05 23:07:26.415389+00	2025-11-05 23:23:37.415389+00	971	completed	demo_model.gcode	4.00	0.0283	{"object_name": "Demo Model", "dimensions_x": 60, "dimensions_y": 70, "dimensions_z": 40, "total_layers": 150, "layer_height_mm": 0.2, "estimated_time_seconds": 971, "infill_density_percent": 18}	\N	\N	\N	/dpp_reports/dpp_job_demo_7993.pdf	\N	\N	\N	\N
2039	prusa_mk4_1	\N	2025-11-05 23:15:07.365164+00	2025-11-05 23:30:28.365164+00	921	completed	temperature_tower.gcode	3.80	0.0269	{"object_name": "Temperature Tower", "dimensions_x": 60, "dimensions_y": 70, "dimensions_z": 40, "total_layers": 320, "layer_height_mm": 0.2, "estimated_time_seconds": 921, "infill_density_percent": 15}	\N	\N	\N	/dpp_reports/dpp_job_demo_8776.pdf	\N	\N	\N	\N
2040	voron_24_1	\N	2025-11-05 23:16:07.514049+00	2025-11-05 23:31:38.514049+00	931	completed	enclosure_part.gcode	3.90	0.0272	{"object_name": "Enclosure Part", "dimensions_x": 60, "dimensions_y": 70, "dimensions_z": 40, "total_layers": 280, "layer_height_mm": 0.15, "estimated_time_seconds": 931, "infill_density_percent": 22}	\N	\N	\N	/dpp_reports/dpp_job_demo_6033.pdf	\N	\N	\N	\N
2041	prusa_xl_1	\N	2025-11-05 23:21:18.050919+00	2025-11-05 23:36:39.050919+00	921	completed	demo_model.gcode	3.80	0.0269	{"object_name": "Demo Model", "dimensions_x": 60, "dimensions_y": 70, "dimensions_z": 40, "total_layers": 150, "layer_height_mm": 0.2, "estimated_time_seconds": 921, "infill_density_percent": 18}	\N	\N	\N	/dpp_reports/dpp_job_demo_9710.pdf	\N	\N	\N	\N
2042	elegoo_neptune4_pro_1	\N	2025-11-05 23:25:58.562368+00	2025-11-05 23:41:59.562368+00	961	completed	prototype_v2.gcode	4.00	0.0280	{"object_name": "Prototype V2", "dimensions_x": 60, "dimensions_y": 70, "dimensions_z": 40, "total_layers": 180, "layer_height_mm": 0.2, "estimated_time_seconds": 961, "infill_density_percent": 25}	\N	\N	\N	/dpp_reports/dpp_job_demo_910.pdf	\N	\N	\N	\N
2043	prusa_mk4_1	\N	2025-11-05 23:34:19.409117+00	2025-11-05 23:50:20.409117+00	961	completed	calibration_cube.gcode	4.00	0.0280	{"object_name": "Calibration Cube", "dimensions_x": 60, "dimensions_y": 70, "dimensions_z": 40, "total_layers": 100, "layer_height_mm": 0.2, "estimated_time_seconds": 961, "infill_density_percent": 15}	\N	\N	\N	/dpp_reports/dpp_job_demo_8757.pdf	\N	\N	\N	\N
2044	prusa_xl_1	\N	2025-11-05 23:39:00.2934+00	2025-11-05 23:55:41.2934+00	1001	completed	benchy.gcode	4.20	0.0292	{"object_name": "Benchy", "dimensions_x": 60, "dimensions_y": 70, "dimensions_z": 40, "total_layers": 240, "layer_height_mm": 0.2, "estimated_time_seconds": 1001, "infill_density_percent": 20}	\N	\N	\N	/dpp_reports/dpp_job_demo_8490.pdf	\N	\N	\N	\N
2045	bambu_x1_carbon_1	\N	2025-11-05 23:48:40.597117+00	2025-11-06 00:04:32.597117+00	952	completed	temperature_tower.gcode	4.00	0.0278	{"object_name": "Temperature Tower", "dimensions_x": 60, "dimensions_y": 70, "dimensions_z": 40, "total_layers": 320, "layer_height_mm": 0.2, "estimated_time_seconds": 952, "infill_density_percent": 15}	\N	\N	\N	/dpp_reports/dpp_job_demo_5893.pdf	\N	\N	\N	\N
2046	creality_ender3_v2_1	\N	2025-11-05 23:50:40.909101+00	2025-11-06 00:06:42.909101+00	962	completed	prototype_v2.gcode	4.00	0.0281	{"object_name": "Prototype V2", "dimensions_x": 60, "dimensions_y": 70, "dimensions_z": 40, "total_layers": 180, "layer_height_mm": 0.2, "estimated_time_seconds": 962, "infill_density_percent": 25}	\N	\N	\N	/dpp_reports/dpp_job_demo_80.pdf	\N	\N	\N	\N
2047	elegoo_neptune4_pro_1	\N	2025-11-05 23:51:31.129152+00	2025-11-06 00:08:23.129152+00	1012	completed	bracket_mount.gcode	4.20	0.0295	{"object_name": "Bracket Mount", "dimensions_x": 60, "dimensions_y": 70, "dimensions_z": 40, "total_layers": 140, "layer_height_mm": 0.2, "estimated_time_seconds": 1012, "infill_density_percent": 35}	\N	\N	\N	/dpp_reports/dpp_job_demo_8149.pdf	\N	\N	\N	\N
2048	prusa_mk4_1	\N	2025-11-05 23:55:11.297413+00	2025-11-06 00:10:03.297413+00	892	completed	benchy.gcode	3.70	0.0260	{"object_name": "Benchy", "dimensions_x": 60, "dimensions_y": 70, "dimensions_z": 40, "total_layers": 240, "layer_height_mm": 0.2, "estimated_time_seconds": 892, "infill_density_percent": 20}	\N	\N	\N	/dpp_reports/dpp_job_demo_5232.pdf	\N	\N	\N	\N
2049	bambu_p1s_1	\N	2025-11-06 00:05:33.671985+00	2025-11-06 00:21:14.671985+00	941	completed	prototype_v2.gcode	3.90	0.0274	{"object_name": "Prototype V2", "dimensions_x": 60, "dimensions_y": 70, "dimensions_z": 40, "total_layers": 180, "layer_height_mm": 0.2, "estimated_time_seconds": 941, "infill_density_percent": 25}	\N	\N	\N	/dpp_reports/dpp_job_demo_6087.pdf	\N	\N	\N	\N
2050	creality_ender3_v2_1	\N	2025-11-06 00:08:23.919318+00	2025-11-06 00:23:44.919318+00	921	completed	bracket_mount.gcode	3.80	0.0269	{"object_name": "Bracket Mount", "dimensions_x": 60, "dimensions_y": 70, "dimensions_z": 40, "total_layers": 140, "layer_height_mm": 0.2, "estimated_time_seconds": 921, "infill_density_percent": 35}	\N	\N	\N	/dpp_reports/dpp_job_demo_8753.pdf	\N	\N	\N	\N
2051	artillery_sidewinder_x2_1	\N	2025-11-06 00:08:03.953597+00	2025-11-06 00:24:14.953597+00	971	completed	temperature_tower.gcode	4.00	0.0283	{"object_name": "Temperature Tower", "dimensions_x": 60, "dimensions_y": 70, "dimensions_z": 40, "total_layers": 320, "layer_height_mm": 0.2, "estimated_time_seconds": 971, "infill_density_percent": 15}	\N	\N	\N	/dpp_reports/dpp_job_demo_9632.pdf	\N	\N	\N	\N
2052	voron_24_1	\N	2025-11-06 00:13:54.453269+00	2025-11-06 00:29:15.453269+00	921	completed	enclosure_part.gcode	3.80	0.0269	{"object_name": "Enclosure Part", "dimensions_x": 60, "dimensions_y": 70, "dimensions_z": 40, "total_layers": 280, "layer_height_mm": 0.15, "estimated_time_seconds": 921, "infill_density_percent": 22}	\N	\N	\N	/dpp_reports/dpp_job_demo_3247.pdf	\N	\N	\N	\N
2053	prusa_mk4_2	\N	2025-11-06 00:20:05.267488+00	2025-11-06 00:36:16.267488+00	971	completed	prototype_v2.gcode	4.00	0.0283	{"object_name": "Prototype V2", "dimensions_x": 60, "dimensions_y": 70, "dimensions_z": 40, "total_layers": 180, "layer_height_mm": 0.2, "estimated_time_seconds": 971, "infill_density_percent": 25}	\N	\N	\N	/dpp_reports/dpp_job_demo_6978.pdf	\N	\N	\N	\N
2054	prusa_mini_plus_1	\N	2025-11-06 00:22:45.624221+00	2025-11-06 00:38:36.624221+00	951	completed	enclosure_part.gcode	4.00	0.0277	{"object_name": "Enclosure Part", "dimensions_x": 60, "dimensions_y": 70, "dimensions_z": 40, "total_layers": 280, "layer_height_mm": 0.15, "estimated_time_seconds": 951, "infill_density_percent": 22}	\N	\N	\N	/dpp_reports/dpp_job_demo_7688.pdf	\N	\N	\N	\N
2055	creality_ender3_v2_1	\N	2025-11-06 00:24:34.987805+00	2025-11-06 00:41:06.987805+00	992	completed	temperature_tower.gcode	4.10	0.0289	{"object_name": "Temperature Tower", "dimensions_x": 60, "dimensions_y": 70, "dimensions_z": 40, "total_layers": 320, "layer_height_mm": 0.2, "estimated_time_seconds": 992, "infill_density_percent": 15}	\N	\N	\N	/dpp_reports/dpp_job_demo_6922.pdf	\N	\N	\N	\N
2056	artillery_sidewinder_x2_1	\N	2025-11-06 00:26:56.113073+00	2025-11-06 00:42:27.113073+00	931	completed	test_print.gcode	3.90	0.0272	{"object_name": "Test Print", "dimensions_x": 60, "dimensions_y": 70, "dimensions_z": 40, "total_layers": 120, "layer_height_mm": 0.2, "estimated_time_seconds": 931, "infill_density_percent": 20}	\N	\N	\N	/dpp_reports/dpp_job_demo_8868.pdf	\N	\N	\N	\N
2057	prusa_mk4_2	\N	2025-11-06 00:42:07.357431+00	2025-11-06 00:57:18.357431+00	911	completed	prototype_v2.gcode	3.80	0.0266	{"object_name": "Prototype V2", "dimensions_x": 60, "dimensions_y": 70, "dimensions_z": 40, "total_layers": 180, "layer_height_mm": 0.2, "estimated_time_seconds": 911, "infill_density_percent": 25}	\N	\N	\N	/dpp_reports/dpp_job_demo_3785.pdf	\N	\N	\N	\N
2058	voron_24_1	\N	2025-11-06 00:48:38.07066+00	2025-11-06 01:03:59.07066+00	921	completed	functional_part.gcode	3.80	0.0269	{"object_name": "Functional Part", "dimensions_x": 60, "dimensions_y": 70, "dimensions_z": 40, "total_layers": 200, "layer_height_mm": 0.15, "estimated_time_seconds": 921, "infill_density_percent": 30}	\N	\N	\N	/dpp_reports/dpp_job_demo_1601.pdf	\N	\N	\N	\N
2059	bambu_x1_carbon_1	\N	2025-11-06 00:48:38.087042+00	2025-11-06 01:04:19.087042+00	941	completed	bracket_mount.gcode	3.90	0.0274	{"object_name": "Bracket Mount", "dimensions_x": 60, "dimensions_y": 70, "dimensions_z": 40, "total_layers": 140, "layer_height_mm": 0.2, "estimated_time_seconds": 941, "infill_density_percent": 35}	\N	\N	\N	/dpp_reports/dpp_job_demo_4012.pdf	\N	\N	\N	\N
2060	prusa_mk4_1	\N	2025-11-06 00:50:08.290292+00	2025-11-06 01:05:59.290292+00	951	completed	prototype_v2.gcode	4.00	0.0277	{"object_name": "Prototype V2", "dimensions_x": 60, "dimensions_y": 70, "dimensions_z": 40, "total_layers": 180, "layer_height_mm": 0.2, "estimated_time_seconds": 951, "infill_density_percent": 25}	\N	\N	\N	/dpp_reports/dpp_job_demo_9042.pdf	\N	\N	\N	\N
2061	bambu_p1s_1	\N	2025-11-06 00:55:38.85955+00	2025-11-06 01:11:59.85955+00	981	completed	enclosure_part.gcode	4.10	0.0286	{"object_name": "Enclosure Part", "dimensions_x": 60, "dimensions_y": 70, "dimensions_z": 40, "total_layers": 280, "layer_height_mm": 0.15, "estimated_time_seconds": 981, "infill_density_percent": 22}	\N	\N	\N	/dpp_reports/dpp_job_demo_4207.pdf	\N	\N	\N	\N
2062	prusa_mini_plus_1	\N	2025-11-06 01:00:58.706411+00	2025-11-06 01:17:30.706411+00	992	completed	calibration_cube.gcode	4.10	0.0289	{"object_name": "Calibration Cube", "dimensions_x": 60, "dimensions_y": 70, "dimensions_z": 40, "total_layers": 100, "layer_height_mm": 0.2, "estimated_time_seconds": 992, "infill_density_percent": 15}	\N	\N	\N	/dpp_reports/dpp_job_demo_6345.pdf	\N	\N	\N	\N
2063	elegoo_neptune4_pro_1	\N	2025-11-06 01:03:49.989083+00	2025-11-06 01:19:10.989083+00	921	completed	temperature_tower.gcode	3.80	0.0269	{"object_name": "Temperature Tower", "dimensions_x": 60, "dimensions_y": 70, "dimensions_z": 40, "total_layers": 320, "layer_height_mm": 0.2, "estimated_time_seconds": 921, "infill_density_percent": 15}	\N	\N	\N	/dpp_reports/dpp_job_demo_25.pdf	\N	\N	\N	\N
2064	prusa_mk4_2	\N	2025-11-06 01:12:19.887227+00	2025-11-06 01:28:01.887227+00	942	completed	benchy.gcode	3.90	0.0275	{"object_name": "Benchy", "dimensions_x": 60, "dimensions_y": 70, "dimensions_z": 40, "total_layers": 240, "layer_height_mm": 0.2, "estimated_time_seconds": 942, "infill_density_percent": 20}	\N	\N	\N	/dpp_reports/dpp_job_demo_8244.pdf	\N	\N	\N	\N
2065	bambu_p1s_1	\N	2025-11-06 01:13:10.904852+00	2025-11-06 01:28:11.904852+00	901	completed	functional_part.gcode	3.80	0.0263	{"object_name": "Functional Part", "dimensions_x": 60, "dimensions_y": 70, "dimensions_z": 40, "total_layers": 200, "layer_height_mm": 0.15, "estimated_time_seconds": 901, "infill_density_percent": 30}	\N	\N	\N	/dpp_reports/dpp_job_demo_6736.pdf	\N	\N	\N	\N
2066	prusa_mk4_1	\N	2025-11-06 01:25:12.573389+00	2025-11-06 01:40:53.573389+00	941	completed	prototype_v2.gcode	3.90	0.0274	{"object_name": "Prototype V2", "dimensions_x": 60, "dimensions_y": 70, "dimensions_z": 40, "total_layers": 180, "layer_height_mm": 0.2, "estimated_time_seconds": 941, "infill_density_percent": 25}	\N	\N	\N	/dpp_reports/dpp_job_demo_8468.pdf	\N	\N	\N	\N
2067	bambu_p1s_1	\N	2025-11-06 01:36:13.805593+00	2025-11-06 01:52:04.805593+00	951	completed	test_print.gcode	4.00	0.0277	{"object_name": "Test Print", "dimensions_x": 60, "dimensions_y": 70, "dimensions_z": 40, "total_layers": 120, "layer_height_mm": 0.2, "estimated_time_seconds": 951, "infill_density_percent": 20}	\N	\N	\N	/dpp_reports/dpp_job_demo_4470.pdf	\N	\N	\N	\N
2068	prusa_mini_plus_1	\N	2025-11-06 01:36:23.882703+00	2025-11-06 01:52:54.882703+00	991	completed	calibration_cube.gcode	4.10	0.0289	{"object_name": "Calibration Cube", "dimensions_x": 60, "dimensions_y": 70, "dimensions_z": 40, "total_layers": 100, "layer_height_mm": 0.2, "estimated_time_seconds": 991, "infill_density_percent": 15}	\N	\N	\N	/dpp_reports/dpp_job_demo_4295.pdf	\N	\N	\N	\N
2069	artillery_sidewinder_x2_1	\N	2025-11-06 01:37:43.908069+00	2025-11-06 01:53:04.908069+00	921	completed	calibration_cube.gcode	3.80	0.0269	{"object_name": "Calibration Cube", "dimensions_x": 60, "dimensions_y": 70, "dimensions_z": 40, "total_layers": 100, "layer_height_mm": 0.2, "estimated_time_seconds": 921, "infill_density_percent": 15}	\N	\N	\N	/dpp_reports/dpp_job_demo_1464.pdf	\N	\N	\N	\N
2070	prusa_mk4_2	\N	2025-11-06 01:46:34.785204+00	2025-11-06 02:02:55.785204+00	981	completed	bracket_mount.gcode	4.10	0.0286	{"object_name": "Bracket Mount", "dimensions_x": 60, "dimensions_y": 70, "dimensions_z": 40, "total_layers": 140, "layer_height_mm": 0.2, "estimated_time_seconds": 981, "infill_density_percent": 35}	\N	\N	\N	/dpp_reports/dpp_job_demo_5758.pdf	\N	\N	\N	\N
2071	creality_ender3_v2_1	\N	2025-11-06 01:48:14.919202+00	2025-11-06 02:04:15.919202+00	961	completed	benchy.gcode	4.00	0.0280	{"object_name": "Benchy", "dimensions_x": 60, "dimensions_y": 70, "dimensions_z": 40, "total_layers": 240, "layer_height_mm": 0.2, "estimated_time_seconds": 961, "infill_density_percent": 20}	\N	\N	\N	/dpp_reports/dpp_job_demo_7184.pdf	\N	\N	\N	\N
2072	voron_24_1	\N	2025-11-06 01:51:35.172604+00	2025-11-06 02:07:06.172604+00	931	completed	test_print.gcode	3.90	0.0272	{"object_name": "Test Print", "dimensions_x": 60, "dimensions_y": 70, "dimensions_z": 40, "total_layers": 120, "layer_height_mm": 0.2, "estimated_time_seconds": 931, "infill_density_percent": 20}	\N	\N	\N	/dpp_reports/dpp_job_demo_7027.pdf	\N	\N	\N	\N
2073	prusa_mini_plus_1	\N	2025-11-06 02:01:56.014098+00	2025-11-06 02:17:27.014098+00	931	completed	functional_part.gcode	3.90	0.0272	{"object_name": "Functional Part", "dimensions_x": 60, "dimensions_y": 70, "dimensions_z": 40, "total_layers": 200, "layer_height_mm": 0.15, "estimated_time_seconds": 931, "infill_density_percent": 30}	\N	\N	\N	/dpp_reports/dpp_job_demo_5201.pdf	\N	\N	\N	\N
2074	bambu_p1s_1	\N	2025-11-06 02:02:06.014098+00	2025-11-06 02:17:27.014098+00	921	completed	demo_model.gcode	3.80	0.0269	{"object_name": "Demo Model", "dimensions_x": 60, "dimensions_y": 70, "dimensions_z": 40, "total_layers": 150, "layer_height_mm": 0.2, "estimated_time_seconds": 921, "infill_density_percent": 18}	\N	\N	\N	/dpp_reports/dpp_job_demo_2188.pdf	\N	\N	\N	\N
2075	elegoo_neptune4_pro_1	\N	2025-11-06 02:10:46.667491+00	2025-11-06 02:25:17.667491+00	871	completed	functional_part.gcode	3.60	0.0254	{"object_name": "Functional Part", "dimensions_x": 60, "dimensions_y": 70, "dimensions_z": 40, "total_layers": 200, "layer_height_mm": 0.15, "estimated_time_seconds": 871, "infill_density_percent": 30}	\N	\N	\N	/dpp_reports/dpp_job_demo_9355.pdf	\N	\N	\N	\N
2076	artillery_sidewinder_x2_1	\N	2025-11-06 02:15:27.121999+00	2025-11-06 02:30:48.121999+00	921	completed	calibration_cube.gcode	3.80	0.0269	{"object_name": "Calibration Cube", "dimensions_x": 60, "dimensions_y": 70, "dimensions_z": 40, "total_layers": 100, "layer_height_mm": 0.2, "estimated_time_seconds": 921, "infill_density_percent": 15}	\N	\N	\N	/dpp_reports/dpp_job_demo_37.pdf	\N	\N	\N	\N
2077	bambu_p1s_1	\N	2025-11-06 02:18:07.445439+00	2025-11-06 02:34:18.445439+00	971	completed	prototype_v2.gcode	4.00	0.0283	{"object_name": "Prototype V2", "dimensions_x": 60, "dimensions_y": 70, "dimensions_z": 40, "total_layers": 180, "layer_height_mm": 0.2, "estimated_time_seconds": 971, "infill_density_percent": 25}	\N	\N	\N	/dpp_reports/dpp_job_demo_6161.pdf	\N	\N	\N	\N
2078	bambu_x1_carbon_1	\N	2025-11-06 02:24:07.889014+00	2025-11-06 02:39:58.889014+00	951	completed	prototype_v2.gcode	4.00	0.0277	{"object_name": "Prototype V2", "dimensions_x": 60, "dimensions_y": 70, "dimensions_z": 40, "total_layers": 180, "layer_height_mm": 0.2, "estimated_time_seconds": 951, "infill_density_percent": 25}	\N	\N	\N	/dpp_reports/dpp_job_demo_9386.pdf	\N	\N	\N	\N
2079	creality_ender3_v2_1	\N	2025-11-06 02:27:58.140856+00	2025-11-06 02:43:19.140856+00	921	completed	bracket_mount.gcode	3.80	0.0269	{"object_name": "Bracket Mount", "dimensions_x": 60, "dimensions_y": 70, "dimensions_z": 40, "total_layers": 140, "layer_height_mm": 0.2, "estimated_time_seconds": 921, "infill_density_percent": 35}	\N	\N	\N	/dpp_reports/dpp_job_demo_317.pdf	\N	\N	\N	\N
2080	prusa_mk4_2	\N	2025-11-06 02:29:38.306135+00	2025-11-06 02:45:19.306135+00	941	completed	prototype_v2.gcode	3.90	0.0274	{"object_name": "Prototype V2", "dimensions_x": 60, "dimensions_y": 70, "dimensions_z": 40, "total_layers": 180, "layer_height_mm": 0.2, "estimated_time_seconds": 941, "infill_density_percent": 25}	\N	\N	\N	/dpp_reports/dpp_job_demo_3029.pdf	\N	\N	\N	\N
2081	prusa_mini_plus_1	\N	2025-11-06 02:30:08.35842+00	2025-11-06 02:45:49.35842+00	941	completed	temperature_tower.gcode	3.90	0.0274	{"object_name": "Temperature Tower", "dimensions_x": 60, "dimensions_y": 70, "dimensions_z": 40, "total_layers": 320, "layer_height_mm": 0.2, "estimated_time_seconds": 941, "infill_density_percent": 15}	\N	\N	\N	/dpp_reports/dpp_job_demo_7712.pdf	\N	\N	\N	\N
2082	voron_24_1	\N	2025-11-06 02:30:48.431121+00	2025-11-06 02:47:09.431121+00	981	completed	calibration_cube.gcode	4.10	0.0286	{"object_name": "Calibration Cube", "dimensions_x": 60, "dimensions_y": 70, "dimensions_z": 40, "total_layers": 100, "layer_height_mm": 0.2, "estimated_time_seconds": 981, "infill_density_percent": 15}	\N	\N	\N	/dpp_reports/dpp_job_demo_3935.pdf	\N	\N	\N	\N
2083	artillery_sidewinder_x2_1	\N	2025-11-06 02:39:39.439497+00	2025-11-06 02:55:20.439497+00	941	completed	test_print.gcode	3.90	0.0274	{"object_name": "Test Print", "dimensions_x": 60, "dimensions_y": 70, "dimensions_z": 40, "total_layers": 120, "layer_height_mm": 0.2, "estimated_time_seconds": 941, "infill_density_percent": 20}	\N	\N	\N	/dpp_reports/dpp_job_demo_6623.pdf	\N	\N	\N	\N
2084	prusa_mini_plus_1	\N	2025-11-06 02:56:21.344276+00	2025-11-06 03:12:22.344276+00	961	completed	prototype_v2.gcode	4.00	0.0280	{"object_name": "Prototype V2", "dimensions_x": 60, "dimensions_y": 70, "dimensions_z": 40, "total_layers": 180, "layer_height_mm": 0.2, "estimated_time_seconds": 961, "infill_density_percent": 25}	\N	\N	\N	/dpp_reports/dpp_job_demo_3144.pdf	\N	\N	\N	\N
2085	creality_ender3_v2_1	\N	2025-11-06 03:04:22.022011+00	2025-11-06 03:20:23.022011+00	961	completed	functional_part.gcode	4.00	0.0280	{"object_name": "Functional Part", "dimensions_x": 60, "dimensions_y": 70, "dimensions_z": 40, "total_layers": 200, "layer_height_mm": 0.15, "estimated_time_seconds": 961, "infill_density_percent": 30}	\N	\N	\N	/dpp_reports/dpp_job_demo_7430.pdf	\N	\N	\N	\N
2086	voron_24_1	\N	2025-11-06 03:05:32.116529+00	2025-11-06 03:21:43.116529+00	971	completed	demo_model.gcode	4.00	0.0283	{"object_name": "Demo Model", "dimensions_x": 60, "dimensions_y": 70, "dimensions_z": 40, "total_layers": 150, "layer_height_mm": 0.2, "estimated_time_seconds": 971, "infill_density_percent": 18}	\N	\N	\N	/dpp_reports/dpp_job_demo_7742.pdf	\N	\N	\N	\N
2087	artillery_sidewinder_x2_1	\N	2025-11-06 03:06:32.173011+00	2025-11-06 03:22:13.173011+00	941	completed	enclosure_part.gcode	3.90	0.0274	{"object_name": "Enclosure Part", "dimensions_x": 60, "dimensions_y": 70, "dimensions_z": 40, "total_layers": 280, "layer_height_mm": 0.15, "estimated_time_seconds": 941, "infill_density_percent": 22}	\N	\N	\N	/dpp_reports/dpp_job_demo_4647.pdf	\N	\N	\N	\N
2088	prusa_mk4_2	\N	2025-11-06 03:10:22.645471+00	2025-11-06 03:26:43.645471+00	981	completed	prototype_v2.gcode	4.10	0.0286	{"object_name": "Prototype V2", "dimensions_x": 60, "dimensions_y": 70, "dimensions_z": 40, "total_layers": 180, "layer_height_mm": 0.2, "estimated_time_seconds": 981, "infill_density_percent": 25}	\N	\N	\N	/dpp_reports/dpp_job_demo_7730.pdf	\N	\N	\N	\N
2089	creality_ender3_v2_1	\N	2025-11-06 03:23:13.932545+00	2025-11-06 03:39:44.932545+00	991	completed	prototype_v2.gcode	4.10	0.0289	{"object_name": "Prototype V2", "dimensions_x": 60, "dimensions_y": 70, "dimensions_z": 40, "total_layers": 180, "layer_height_mm": 0.2, "estimated_time_seconds": 991, "infill_density_percent": 25}	\N	\N	\N	/dpp_reports/dpp_job_demo_7374.pdf	\N	\N	\N	\N
2090	elegoo_neptune4_pro_1	\N	2025-11-06 03:24:44.00126+00	2025-11-06 03:40:15.00126+00	931	completed	calibration_cube.gcode	3.90	0.0272	{"object_name": "Calibration Cube", "dimensions_x": 60, "dimensions_y": 70, "dimensions_z": 40, "total_layers": 100, "layer_height_mm": 0.2, "estimated_time_seconds": 931, "infill_density_percent": 15}	\N	\N	\N	/dpp_reports/dpp_job_demo_5991.pdf	\N	\N	\N	\N
2091	bambu_x1_carbon_1	\N	2025-11-06 03:36:34.57949+00	2025-11-06 03:51:56.57949+00	922	completed	prototype_v2.gcode	3.80	0.0269	{"object_name": "Prototype V2", "dimensions_x": 60, "dimensions_y": 70, "dimensions_z": 40, "total_layers": 180, "layer_height_mm": 0.2, "estimated_time_seconds": 922, "infill_density_percent": 25}	\N	\N	\N	/dpp_reports/dpp_job_demo_1744.pdf	\N	\N	\N	\N
2092	artillery_sidewinder_x2_1	\N	2025-11-06 03:44:36.293519+00	2025-11-06 04:00:07.293519+00	931	completed	prototype_v2.gcode	3.90	0.0272	{"object_name": "Prototype V2", "dimensions_x": 60, "dimensions_y": 70, "dimensions_z": 40, "total_layers": 180, "layer_height_mm": 0.2, "estimated_time_seconds": 931, "infill_density_percent": 25}	\N	\N	\N	/dpp_reports/dpp_job_demo_4617.pdf	\N	\N	\N	\N
2093	voron_24_1	\N	2025-11-06 03:44:46.319661+00	2025-11-06 04:00:17.319661+00	931	completed	prototype_v2.gcode	3.90	0.0272	{"object_name": "Prototype V2", "dimensions_x": 60, "dimensions_y": 70, "dimensions_z": 40, "total_layers": 180, "layer_height_mm": 0.2, "estimated_time_seconds": 931, "infill_density_percent": 25}	\N	\N	\N	/dpp_reports/dpp_job_demo_7843.pdf	\N	\N	\N	\N
2094	elegoo_neptune4_pro_1	\N	2025-11-06 03:50:26.846708+00	2025-11-06 04:06:37.846708+00	971	completed	test_print.gcode	4.00	0.0283	{"object_name": "Test Print", "dimensions_x": 60, "dimensions_y": 70, "dimensions_z": 40, "total_layers": 120, "layer_height_mm": 0.2, "estimated_time_seconds": 971, "infill_density_percent": 20}	\N	\N	\N	/dpp_reports/dpp_job_demo_1460.pdf	\N	\N	\N	\N
2095	bambu_x1_carbon_1	\N	2025-11-06 03:53:17.032753+00	2025-11-06 04:08:38.032753+00	921	completed	temperature_tower.gcode	3.80	0.0269	{"object_name": "Temperature Tower", "dimensions_x": 60, "dimensions_y": 70, "dimensions_z": 40, "total_layers": 320, "layer_height_mm": 0.2, "estimated_time_seconds": 921, "infill_density_percent": 15}	\N	\N	\N	/dpp_reports/dpp_job_demo_7310.pdf	\N	\N	\N	\N
2096	prusa_mk4_1	\N	2025-11-06 04:00:17.995505+00	2025-11-06 04:16:48.995505+00	991	completed	temperature_tower.gcode	4.10	0.0289	{"object_name": "Temperature Tower", "dimensions_x": 60, "dimensions_y": 70, "dimensions_z": 40, "total_layers": 320, "layer_height_mm": 0.2, "estimated_time_seconds": 991, "infill_density_percent": 15}	\N	\N	\N	/dpp_reports/dpp_job_demo_9308.pdf	\N	\N	\N	\N
2097	creality_ender3_v2_1	\N	2025-11-06 04:03:18.438028+00	2025-11-06 04:19:29.438028+00	971	completed	demo_model.gcode	4.00	0.0283	{"object_name": "Demo Model", "dimensions_x": 60, "dimensions_y": 70, "dimensions_z": 40, "total_layers": 150, "layer_height_mm": 0.2, "estimated_time_seconds": 971, "infill_density_percent": 18}	\N	\N	\N	/dpp_reports/dpp_job_demo_5571.pdf	\N	\N	\N	\N
2098	artillery_sidewinder_x2_1	\N	2025-11-06 04:29:01.080042+00	2025-11-06 04:44:42.080042+00	941	completed	prototype_v2.gcode	3.90	0.0274	{"object_name": "Prototype V2", "dimensions_x": 60, "dimensions_y": 70, "dimensions_z": 40, "total_layers": 180, "layer_height_mm": 0.2, "estimated_time_seconds": 941, "infill_density_percent": 25}	\N	\N	\N	/dpp_reports/dpp_job_demo_912.pdf	\N	\N	\N	\N
2099	bambu_x1_carbon_1	\N	2025-11-06 04:46:12.700812+00	2025-11-06 05:02:23.700812+00	971	completed	benchy.gcode	4.00	0.0283	{"object_name": "Benchy", "dimensions_x": 60, "dimensions_y": 70, "dimensions_z": 40, "total_layers": 240, "layer_height_mm": 0.2, "estimated_time_seconds": 971, "infill_density_percent": 20}	\N	\N	\N	/dpp_reports/dpp_job_demo_6294.pdf	\N	\N	\N	\N
2100	artillery_sidewinder_x2_1	\N	2025-11-06 04:47:32.804079+00	2025-11-06 05:04:03.804079+00	991	completed	functional_part.gcode	4.10	0.0289	{"object_name": "Functional Part", "dimensions_x": 60, "dimensions_y": 70, "dimensions_z": 40, "total_layers": 200, "layer_height_mm": 0.15, "estimated_time_seconds": 991, "infill_density_percent": 30}	\N	\N	\N	/dpp_reports/dpp_job_demo_92.pdf	\N	\N	\N	\N
2101	prusa_xl_1	\N	2025-11-06 04:49:02.918382+00	2025-11-06 05:05:13.918382+00	971	completed	calibration_cube.gcode	4.00	0.0283	{"object_name": "Calibration Cube", "dimensions_x": 60, "dimensions_y": 70, "dimensions_z": 40, "total_layers": 100, "layer_height_mm": 0.2, "estimated_time_seconds": 971, "infill_density_percent": 15}	\N	\N	\N	/dpp_reports/dpp_job_demo_8832.pdf	\N	\N	\N	\N
2102	bambu_p1s_1	\N	2025-11-06 04:54:03.3822+00	2025-11-06 05:10:04.3822+00	961	completed	demo_model.gcode	4.00	0.0280	{"object_name": "Demo Model", "dimensions_x": 60, "dimensions_y": 70, "dimensions_z": 40, "total_layers": 150, "layer_height_mm": 0.2, "estimated_time_seconds": 961, "infill_density_percent": 18}	\N	\N	\N	/dpp_reports/dpp_job_demo_7095.pdf	\N	\N	\N	\N
2103	prusa_mini_plus_1	\N	2025-11-06 04:54:33.400348+00	2025-11-06 05:10:24.400348+00	951	completed	demo_model.gcode	4.00	0.0277	{"object_name": "Demo Model", "dimensions_x": 60, "dimensions_y": 70, "dimensions_z": 40, "total_layers": 150, "layer_height_mm": 0.2, "estimated_time_seconds": 951, "infill_density_percent": 18}	\N	\N	\N	/dpp_reports/dpp_job_demo_9035.pdf	\N	\N	\N	\N
2104	artillery_sidewinder_x2_1	\N	2025-11-06 05:05:04.367415+00	2025-11-06 05:19:35.367415+00	871	completed	calibration_cube.gcode	3.60	0.0254	{"object_name": "Calibration Cube", "dimensions_x": 60, "dimensions_y": 70, "dimensions_z": 40, "total_layers": 100, "layer_height_mm": 0.2, "estimated_time_seconds": 871, "infill_density_percent": 15}	\N	\N	\N	/dpp_reports/dpp_job_demo_8351.pdf	\N	\N	\N	\N
2105	elegoo_neptune4_pro_1	\N	2025-11-06 05:06:54.591937+00	2025-11-06 05:21:55.591937+00	901	completed	prototype_v2.gcode	3.80	0.0263	{"object_name": "Prototype V2", "dimensions_x": 60, "dimensions_y": 70, "dimensions_z": 40, "total_layers": 180, "layer_height_mm": 0.2, "estimated_time_seconds": 901, "infill_density_percent": 25}	\N	\N	\N	/dpp_reports/dpp_job_demo_4382.pdf	\N	\N	\N	\N
2106	prusa_mk4_2	\N	2025-11-06 05:06:44.606597+00	2025-11-06 05:22:05.606597+00	921	completed	benchy.gcode	3.80	0.0269	{"object_name": "Benchy", "dimensions_x": 60, "dimensions_y": 70, "dimensions_z": 40, "total_layers": 240, "layer_height_mm": 0.2, "estimated_time_seconds": 921, "infill_density_percent": 20}	\N	\N	\N	/dpp_reports/dpp_job_demo_6529.pdf	\N	\N	\N	\N
2107	prusa_xl_1	\N	2025-11-06 05:16:25.803839+00	2025-11-06 05:32:06.803839+00	941	completed	test_print.gcode	3.90	0.0274	{"object_name": "Test Print", "dimensions_x": 60, "dimensions_y": 70, "dimensions_z": 40, "total_layers": 120, "layer_height_mm": 0.2, "estimated_time_seconds": 941, "infill_density_percent": 20}	\N	\N	\N	/dpp_reports/dpp_job_demo_3198.pdf	\N	\N	\N	\N
2108	elegoo_neptune4_pro_1	\N	2025-11-06 05:24:56.792852+00	2025-11-06 05:41:07.792852+00	971	completed	test_print.gcode	4.00	0.0283	{"object_name": "Test Print", "dimensions_x": 60, "dimensions_y": 70, "dimensions_z": 40, "total_layers": 120, "layer_height_mm": 0.2, "estimated_time_seconds": 971, "infill_density_percent": 20}	\N	\N	\N	/dpp_reports/dpp_job_demo_85.pdf	\N	\N	\N	\N
2109	prusa_mk4_2	\N	2025-11-06 05:30:17.30541+00	2025-11-06 05:46:48.30541+00	991	completed	bracket_mount.gcode	4.10	0.0289	{"object_name": "Bracket Mount", "dimensions_x": 60, "dimensions_y": 70, "dimensions_z": 40, "total_layers": 140, "layer_height_mm": 0.2, "estimated_time_seconds": 991, "infill_density_percent": 35}	\N	\N	\N	/dpp_reports/dpp_job_demo_8309.pdf	\N	\N	\N	\N
2110	artillery_sidewinder_x2_1	\N	2025-11-06 05:30:57.364251+00	2025-11-06 05:47:18.364251+00	981	completed	test_print.gcode	4.10	0.0286	{"object_name": "Test Print", "dimensions_x": 60, "dimensions_y": 70, "dimensions_z": 40, "total_layers": 120, "layer_height_mm": 0.2, "estimated_time_seconds": 981, "infill_density_percent": 20}	\N	\N	\N	/dpp_reports/dpp_job_demo_9703.pdf	\N	\N	\N	\N
2111	prusa_mk4_1	\N	2025-11-06 05:34:07.652414+00	2025-11-06 05:51:08.652414+00	1021	completed	test_print.gcode	4.30	0.0298	{"object_name": "Test Print", "dimensions_x": 60, "dimensions_y": 70, "dimensions_z": 40, "total_layers": 120, "layer_height_mm": 0.2, "estimated_time_seconds": 1021, "infill_density_percent": 20}	\N	\N	\N	/dpp_reports/dpp_job_demo_9782.pdf	\N	\N	\N	\N
2112	prusa_mini_plus_1	\N	2025-11-06 05:45:09.010856+00	2025-11-06 06:01:30.010856+00	981	completed	enclosure_part.gcode	4.10	0.0286	{"object_name": "Enclosure Part", "dimensions_x": 60, "dimensions_y": 70, "dimensions_z": 40, "total_layers": 280, "layer_height_mm": 0.15, "estimated_time_seconds": 981, "infill_density_percent": 22}	\N	\N	\N	/dpp_reports/dpp_job_demo_3647.pdf	\N	\N	\N	\N
2113	creality_ender3_v2_1	\N	2025-11-06 05:48:48.524268+00	2025-11-06 06:05:10.524268+00	982	completed	benchy.gcode	4.10	0.0286	{"object_name": "Benchy", "dimensions_x": 60, "dimensions_y": 70, "dimensions_z": 40, "total_layers": 240, "layer_height_mm": 0.2, "estimated_time_seconds": 982, "infill_density_percent": 20}	\N	\N	\N	/dpp_reports/dpp_job_demo_8303.pdf	\N	\N	\N	\N
2114	elegoo_neptune4_pro_1	\N	2025-11-06 05:49:28.524268+00	2025-11-06 06:05:10.524268+00	942	completed	test_print.gcode	3.90	0.0275	{"object_name": "Test Print", "dimensions_x": 60, "dimensions_y": 70, "dimensions_z": 40, "total_layers": 120, "layer_height_mm": 0.2, "estimated_time_seconds": 942, "infill_density_percent": 20}	\N	\N	\N	/dpp_reports/dpp_job_demo_7352.pdf	\N	\N	\N	\N
2115	prusa_mk4_1	\N	2025-11-06 05:51:58.853709+00	2025-11-06 06:07:50.853709+00	952	completed	test_print.gcode	4.00	0.0278	{"object_name": "Test Print", "dimensions_x": 60, "dimensions_y": 70, "dimensions_z": 40, "total_layers": 120, "layer_height_mm": 0.2, "estimated_time_seconds": 952, "infill_density_percent": 20}	\N	\N	\N	/dpp_reports/dpp_job_demo_9728.pdf	\N	\N	\N	\N
2116	prusa_mk4_2	\N	2025-11-06 05:58:30.48297+00	2025-11-06 06:14:01.48297+00	931	completed	functional_part.gcode	3.90	0.0272	{"object_name": "Functional Part", "dimensions_x": 60, "dimensions_y": 70, "dimensions_z": 40, "total_layers": 200, "layer_height_mm": 0.15, "estimated_time_seconds": 931, "infill_density_percent": 30}	\N	\N	\N	/dpp_reports/dpp_job_demo_6549.pdf	\N	\N	\N	\N
2117	elegoo_neptune4_pro_1	\N	2025-11-06 06:08:11.555849+00	2025-11-06 06:23:32.555849+00	921	completed	calibration_cube.gcode	3.80	0.0269	{"object_name": "Calibration Cube", "dimensions_x": 60, "dimensions_y": 70, "dimensions_z": 40, "total_layers": 100, "layer_height_mm": 0.2, "estimated_time_seconds": 921, "infill_density_percent": 15}	\N	\N	\N	/dpp_reports/dpp_job_demo_3795.pdf	\N	\N	\N	\N
2118	bambu_p1s_1	\N	2025-11-06 06:12:12.221226+00	2025-11-06 06:28:53.221226+00	1001	completed	bracket_mount.gcode	4.20	0.0292	{"object_name": "Bracket Mount", "dimensions_x": 60, "dimensions_y": 70, "dimensions_z": 40, "total_layers": 140, "layer_height_mm": 0.2, "estimated_time_seconds": 1001, "infill_density_percent": 35}	\N	\N	\N	/dpp_reports/dpp_job_demo_9268.pdf	\N	\N	\N	\N
2119	prusa_mk4_1	\N	2025-11-06 06:12:42.25537+00	2025-11-06 06:29:03.25537+00	981	completed	prototype_v2.gcode	4.10	0.0286	{"object_name": "Prototype V2", "dimensions_x": 60, "dimensions_y": 70, "dimensions_z": 40, "total_layers": 180, "layer_height_mm": 0.2, "estimated_time_seconds": 981, "infill_density_percent": 25}	\N	\N	\N	/dpp_reports/dpp_job_demo_4775.pdf	\N	\N	\N	\N
2120	prusa_mini_plus_1	\N	2025-11-06 06:14:52.500973+00	2025-11-06 06:30:33.500973+00	941	completed	temperature_tower.gcode	3.90	0.0274	{"object_name": "Temperature Tower", "dimensions_x": 60, "dimensions_y": 70, "dimensions_z": 40, "total_layers": 320, "layer_height_mm": 0.2, "estimated_time_seconds": 941, "infill_density_percent": 15}	\N	\N	\N	/dpp_reports/dpp_job_demo_9155.pdf	\N	\N	\N	\N
2121	voron_24_1	\N	2025-11-06 06:15:32.544221+00	2025-11-06 06:30:53.544221+00	921	completed	calibration_cube.gcode	3.80	0.0269	{"object_name": "Calibration Cube", "dimensions_x": 60, "dimensions_y": 70, "dimensions_z": 40, "total_layers": 100, "layer_height_mm": 0.2, "estimated_time_seconds": 921, "infill_density_percent": 15}	\N	\N	\N	/dpp_reports/dpp_job_demo_1810.pdf	\N	\N	\N	\N
2122	creality_ender3_v2_1	\N	2025-11-06 06:20:03.122463+00	2025-11-06 06:35:44.122463+00	941	completed	bracket_mount.gcode	3.90	0.0274	{"object_name": "Bracket Mount", "dimensions_x": 60, "dimensions_y": 70, "dimensions_z": 40, "total_layers": 140, "layer_height_mm": 0.2, "estimated_time_seconds": 941, "infill_density_percent": 35}	\N	\N	\N	/dpp_reports/dpp_job_demo_4855.pdf	\N	\N	\N	\N
2123	prusa_mk4_2	\N	2025-11-06 06:24:22.621359+00	2025-11-06 06:40:44.621359+00	982	completed	calibration_cube.gcode	4.10	0.0286	{"object_name": "Calibration Cube", "dimensions_x": 60, "dimensions_y": 70, "dimensions_z": 40, "total_layers": 100, "layer_height_mm": 0.2, "estimated_time_seconds": 982, "infill_density_percent": 15}	\N	\N	\N	/dpp_reports/dpp_job_demo_933.pdf	\N	\N	\N	\N
2124	elegoo_neptune4_pro_1	\N	2025-11-06 06:26:43.06802+00	2025-11-06 06:43:45.06802+00	1022	completed	test_print.gcode	4.30	0.0298	{"object_name": "Test Print", "dimensions_x": 60, "dimensions_y": 70, "dimensions_z": 40, "total_layers": 120, "layer_height_mm": 0.2, "estimated_time_seconds": 1022, "infill_density_percent": 20}	\N	\N	\N	/dpp_reports/dpp_job_demo_8720.pdf	\N	\N	\N	\N
2125	prusa_mini_plus_1	\N	2025-11-06 06:32:34.574789+00	2025-11-06 06:47:55.574789+00	921	completed	bracket_mount.gcode	3.80	0.0269	{"object_name": "Bracket Mount", "dimensions_x": 60, "dimensions_y": 70, "dimensions_z": 40, "total_layers": 140, "layer_height_mm": 0.2, "estimated_time_seconds": 921, "infill_density_percent": 35}	\N	\N	\N	/dpp_reports/dpp_job_demo_5254.pdf	\N	\N	\N	\N
2126	artillery_sidewinder_x2_1	\N	2025-11-06 06:44:15.964359+00	2025-11-06 07:00:06.964359+00	951	completed	test_print.gcode	4.00	0.0277	{"object_name": "Test Print", "dimensions_x": 60, "dimensions_y": 70, "dimensions_z": 40, "total_layers": 120, "layer_height_mm": 0.2, "estimated_time_seconds": 951, "infill_density_percent": 20}	\N	\N	\N	/dpp_reports/dpp_job_demo_1665.pdf	\N	\N	\N	\N
2127	bambu_p1s_1	\N	2025-11-06 06:45:06.030968+00	2025-11-06 07:00:47.030968+00	941	completed	calibration_cube.gcode	3.90	0.0274	{"object_name": "Calibration Cube", "dimensions_x": 60, "dimensions_y": 70, "dimensions_z": 40, "total_layers": 100, "layer_height_mm": 0.2, "estimated_time_seconds": 941, "infill_density_percent": 15}	\N	\N	\N	/dpp_reports/dpp_job_demo_8740.pdf	\N	\N	\N	\N
2128	prusa_mini_plus_1	\N	2025-11-06 06:56:47.5257+00	2025-11-06 07:12:28.5257+00	941	completed	temperature_tower.gcode	3.90	0.0274	{"object_name": "Temperature Tower", "dimensions_x": 60, "dimensions_y": 70, "dimensions_z": 40, "total_layers": 320, "layer_height_mm": 0.2, "estimated_time_seconds": 941, "infill_density_percent": 15}	\N	\N	\N	/dpp_reports/dpp_job_demo_2337.pdf	\N	\N	\N	\N
2129	artillery_sidewinder_x2_1	\N	2025-11-06 07:03:58.239187+00	2025-11-06 07:19:19.239187+00	921	completed	calibration_cube.gcode	3.80	0.0269	{"object_name": "Calibration Cube", "dimensions_x": 60, "dimensions_y": 70, "dimensions_z": 40, "total_layers": 100, "layer_height_mm": 0.2, "estimated_time_seconds": 921, "infill_density_percent": 15}	\N	\N	\N	/dpp_reports/dpp_job_demo_8632.pdf	\N	\N	\N	\N
2130	prusa_mk4_1	\N	2025-11-06 07:06:47.741299+00	2025-11-06 07:23:09.741299+00	982	completed	enclosure_part.gcode	4.10	0.0286	{"object_name": "Enclosure Part", "dimensions_x": 60, "dimensions_y": 70, "dimensions_z": 40, "total_layers": 280, "layer_height_mm": 0.15, "estimated_time_seconds": 982, "infill_density_percent": 22}	\N	\N	\N	/dpp_reports/dpp_job_demo_7188.pdf	\N	\N	\N	\N
2131	prusa_mk4_2	\N	2025-11-06 07:17:29.705467+00	2025-11-06 07:33:20.705467+00	951	completed	temperature_tower.gcode	4.00	0.0277	{"object_name": "Temperature Tower", "dimensions_x": 60, "dimensions_y": 70, "dimensions_z": 40, "total_layers": 320, "layer_height_mm": 0.2, "estimated_time_seconds": 951, "infill_density_percent": 15}	\N	\N	\N	/dpp_reports/dpp_job_demo_9472.pdf	\N	\N	\N	\N
2132	creality_ender3_v2_1	\N	2025-11-06 07:19:49.993805+00	2025-11-06 07:35:40.993805+00	951	completed	calibration_cube.gcode	4.00	0.0277	{"object_name": "Calibration Cube", "dimensions_x": 60, "dimensions_y": 70, "dimensions_z": 40, "total_layers": 100, "layer_height_mm": 0.2, "estimated_time_seconds": 951, "infill_density_percent": 15}	\N	\N	\N	/dpp_reports/dpp_job_demo_6797.pdf	\N	\N	\N	\N
2133	prusa_mini_plus_1	\N	2025-11-06 07:21:50.179542+00	2025-11-06 07:37:11.179542+00	921	completed	test_print.gcode	3.80	0.0269	{"object_name": "Test Print", "dimensions_x": 60, "dimensions_y": 70, "dimensions_z": 40, "total_layers": 120, "layer_height_mm": 0.2, "estimated_time_seconds": 921, "infill_density_percent": 20}	\N	\N	\N	/dpp_reports/dpp_job_demo_6100.pdf	\N	\N	\N	\N
2134	elegoo_neptune4_pro_1	\N	2025-11-06 07:26:41.032419+00	2025-11-06 07:42:52.032419+00	971	completed	functional_part.gcode	4.00	0.0283	{"object_name": "Functional Part", "dimensions_x": 60, "dimensions_y": 70, "dimensions_z": 40, "total_layers": 200, "layer_height_mm": 0.15, "estimated_time_seconds": 971, "infill_density_percent": 30}	\N	\N	\N	/dpp_reports/dpp_job_demo_9207.pdf	\N	\N	\N	\N
2135	bambu_x1_carbon_1	\N	2025-11-06 07:33:00.866668+00	2025-11-06 07:48:52.866668+00	952	completed	prototype_v2.gcode	4.00	0.0278	{"object_name": "Prototype V2", "dimensions_x": 60, "dimensions_y": 70, "dimensions_z": 40, "total_layers": 180, "layer_height_mm": 0.2, "estimated_time_seconds": 952, "infill_density_percent": 25}	\N	\N	\N	/dpp_reports/dpp_job_demo_2780.pdf	\N	\N	\N	\N
2136	prusa_mk4_2	\N	2025-11-06 07:36:51.158857+00	2025-11-06 07:51:43.158857+00	892	completed	functional_part.gcode	3.70	0.0260	{"object_name": "Functional Part", "dimensions_x": 60, "dimensions_y": 70, "dimensions_z": 40, "total_layers": 200, "layer_height_mm": 0.15, "estimated_time_seconds": 892, "infill_density_percent": 30}	\N	\N	\N	/dpp_reports/dpp_job_demo_6892.pdf	\N	\N	\N	\N
2137	prusa_xl_1	\N	2025-11-06 07:35:51.168671+00	2025-11-06 07:51:53.168671+00	962	completed	temperature_tower.gcode	4.00	0.0281	{"object_name": "Temperature Tower", "dimensions_x": 60, "dimensions_y": 70, "dimensions_z": 40, "total_layers": 320, "layer_height_mm": 0.2, "estimated_time_seconds": 962, "infill_density_percent": 15}	\N	\N	\N	/dpp_reports/dpp_job_demo_9563.pdf	\N	\N	\N	\N
2138	prusa_mini_plus_1	\N	2025-11-06 07:38:12.269504+00	2025-11-06 07:53:23.269504+00	911	completed	demo_model.gcode	3.80	0.0266	{"object_name": "Demo Model", "dimensions_x": 60, "dimensions_y": 70, "dimensions_z": 40, "total_layers": 150, "layer_height_mm": 0.2, "estimated_time_seconds": 911, "infill_density_percent": 18}	\N	\N	\N	/dpp_reports/dpp_job_demo_8368.pdf	\N	\N	\N	\N
2139	voron_24_1	\N	2025-11-06 07:38:42.374358+00	2025-11-06 07:54:43.374358+00	961	completed	test_print.gcode	4.00	0.0280	{"object_name": "Test Print", "dimensions_x": 60, "dimensions_y": 70, "dimensions_z": 40, "total_layers": 120, "layer_height_mm": 0.2, "estimated_time_seconds": 961, "infill_density_percent": 20}	\N	\N	\N	/dpp_reports/dpp_job_demo_7979.pdf	\N	\N	\N	\N
2140	bambu_p1s_1	\N	2025-11-06 07:42:52.921815+00	2025-11-06 07:59:33.921815+00	1001	completed	bracket_mount.gcode	4.20	0.0292	{"object_name": "Bracket Mount", "dimensions_x": 60, "dimensions_y": 70, "dimensions_z": 40, "total_layers": 140, "layer_height_mm": 0.2, "estimated_time_seconds": 1001, "infill_density_percent": 35}	\N	\N	\N	/dpp_reports/dpp_job_demo_3216.pdf	\N	\N	\N	\N
2141	elegoo_neptune4_pro_1	\N	2025-11-06 07:48:53.666105+00	2025-11-06 08:03:54.666105+00	901	completed	calibration_cube.gcode	3.80	0.0263	{"object_name": "Calibration Cube", "dimensions_x": 60, "dimensions_y": 70, "dimensions_z": 40, "total_layers": 100, "layer_height_mm": 0.2, "estimated_time_seconds": 901, "infill_density_percent": 15}	\N	\N	\N	/dpp_reports/dpp_job_demo_39.pdf	\N	\N	\N	\N
2142	prusa_mk4_1	\N	2025-11-06 07:50:03.950246+00	2025-11-06 08:06:44.950246+00	1001	completed	demo_model.gcode	4.20	0.0292	{"object_name": "Demo Model", "dimensions_x": 60, "dimensions_y": 70, "dimensions_z": 40, "total_layers": 150, "layer_height_mm": 0.2, "estimated_time_seconds": 1001, "infill_density_percent": 18}	\N	\N	\N	/dpp_reports/dpp_job_demo_2709.pdf	\N	\N	\N	\N
2143	bambu_x1_carbon_1	\N	2025-11-06 07:52:54.096847+00	2025-11-06 08:08:05.096847+00	911	completed	functional_part.gcode	3.80	0.0266	{"object_name": "Functional Part", "dimensions_x": 60, "dimensions_y": 70, "dimensions_z": 40, "total_layers": 200, "layer_height_mm": 0.15, "estimated_time_seconds": 911, "infill_density_percent": 30}	\N	\N	\N	/dpp_reports/dpp_job_demo_8493.pdf	\N	\N	\N	\N
2144	voron_24_1	\N	2025-11-06 07:56:04.355415+00	2025-11-06 08:11:05.355415+00	901	completed	calibration_cube.gcode	3.80	0.0263	{"object_name": "Calibration Cube", "dimensions_x": 60, "dimensions_y": 70, "dimensions_z": 40, "total_layers": 100, "layer_height_mm": 0.2, "estimated_time_seconds": 901, "infill_density_percent": 15}	\N	\N	\N	/dpp_reports/dpp_job_demo_8680.pdf	\N	\N	\N	\N
2145	prusa_mini_plus_1	\N	2025-11-06 07:56:04.37035+00	2025-11-06 08:11:15.37035+00	911	completed	functional_part.gcode	3.80	0.0266	{"object_name": "Functional Part", "dimensions_x": 60, "dimensions_y": 70, "dimensions_z": 40, "total_layers": 200, "layer_height_mm": 0.15, "estimated_time_seconds": 911, "infill_density_percent": 30}	\N	\N	\N	/dpp_reports/dpp_job_demo_9765.pdf	\N	\N	\N	\N
2146	prusa_xl_1	\N	2025-11-06 07:55:04.394888+00	2025-11-06 08:11:35.394888+00	991	completed	benchy.gcode	4.10	0.0289	{"object_name": "Benchy", "dimensions_x": 60, "dimensions_y": 70, "dimensions_z": 40, "total_layers": 240, "layer_height_mm": 0.2, "estimated_time_seconds": 991, "infill_density_percent": 20}	\N	\N	\N	/dpp_reports/dpp_job_demo_7619.pdf	\N	\N	\N	\N
2147	creality_ender3_v2_1	\N	2025-11-06 08:07:55.955216+00	2025-11-06 08:23:06.955216+00	911	completed	prototype_v2.gcode	3.80	0.0266	{"object_name": "Prototype V2", "dimensions_x": 60, "dimensions_y": 70, "dimensions_z": 40, "total_layers": 180, "layer_height_mm": 0.2, "estimated_time_seconds": 911, "infill_density_percent": 25}	\N	\N	\N	/dpp_reports/dpp_job_demo_3761.pdf	\N	\N	\N	\N
2148	prusa_mk4_1	\N	2025-11-06 08:08:15.968538+00	2025-11-06 08:23:16.968538+00	901	completed	temperature_tower.gcode	3.80	0.0263	{"object_name": "Temperature Tower", "dimensions_x": 60, "dimensions_y": 70, "dimensions_z": 40, "total_layers": 320, "layer_height_mm": 0.2, "estimated_time_seconds": 901, "infill_density_percent": 15}	\N	\N	\N	/dpp_reports/dpp_job_demo_7716.pdf	\N	\N	\N	\N
2149	bambu_p1s_1	\N	2025-11-06 08:07:15.270001+00	2025-11-06 08:24:57.270001+00	1062	completed	calibration_cube.gcode	4.40	0.0310	{"object_name": "Calibration Cube", "dimensions_x": 60, "dimensions_y": 70, "dimensions_z": 40, "total_layers": 100, "layer_height_mm": 0.2, "estimated_time_seconds": 1062, "infill_density_percent": 15}	\N	\N	\N	/dpp_reports/dpp_job_demo_6803.pdf	\N	\N	\N	\N
2150	voron_24_1	\N	2025-11-06 08:13:35.946793+00	2025-11-06 08:30:17.946793+00	1002	completed	temperature_tower.gcode	4.20	0.0292	{"object_name": "Temperature Tower", "dimensions_x": 60, "dimensions_y": 70, "dimensions_z": 40, "total_layers": 320, "layer_height_mm": 0.2, "estimated_time_seconds": 1002, "infill_density_percent": 15}	\N	\N	\N	/dpp_reports/dpp_job_demo_8385.pdf	\N	\N	\N	\N
2151	prusa_mk4_2	\N	2025-11-06 08:23:37.983374+00	2025-11-06 08:39:58.983374+00	981	completed	temperature_tower.gcode	4.10	0.0286	{"object_name": "Temperature Tower", "dimensions_x": 60, "dimensions_y": 70, "dimensions_z": 40, "total_layers": 320, "layer_height_mm": 0.2, "estimated_time_seconds": 981, "infill_density_percent": 15}	\N	\N	\N	/dpp_reports/dpp_job_demo_9943.pdf	\N	\N	\N	\N
2152	bambu_x1_carbon_1	\N	2025-11-06 08:24:28.093913+00	2025-11-06 08:40:39.093913+00	971	completed	prototype_v2.gcode	4.00	0.0283	{"object_name": "Prototype V2", "dimensions_x": 60, "dimensions_y": 70, "dimensions_z": 40, "total_layers": 180, "layer_height_mm": 0.2, "estimated_time_seconds": 971, "infill_density_percent": 25}	\N	\N	\N	/dpp_reports/dpp_job_demo_2515.pdf	\N	\N	\N	\N
2153	prusa_mk4_1	\N	2025-11-06 08:26:58.425113+00	2025-11-06 08:42:19.425113+00	921	completed	enclosure_part.gcode	3.80	0.0269	{"object_name": "Enclosure Part", "dimensions_x": 60, "dimensions_y": 70, "dimensions_z": 40, "total_layers": 280, "layer_height_mm": 0.15, "estimated_time_seconds": 921, "infill_density_percent": 22}	\N	\N	\N	/dpp_reports/dpp_job_demo_9298.pdf	\N	\N	\N	\N
2154	prusa_xl_1	\N	2025-11-06 08:31:08.929255+00	2025-11-06 08:46:39.929255+00	931	completed	enclosure_part.gcode	3.90	0.0272	{"object_name": "Enclosure Part", "dimensions_x": 60, "dimensions_y": 70, "dimensions_z": 40, "total_layers": 280, "layer_height_mm": 0.15, "estimated_time_seconds": 931, "infill_density_percent": 22}	\N	\N	\N	/dpp_reports/dpp_job_demo_566.pdf	\N	\N	\N	\N
2155	elegoo_neptune4_pro_1	\N	2025-11-06 08:32:58.359136+00	2025-11-06 08:49:10.359136+00	972	completed	benchy.gcode	4.00	0.0284	{"object_name": "Benchy", "dimensions_x": 60, "dimensions_y": 70, "dimensions_z": 40, "total_layers": 240, "layer_height_mm": 0.2, "estimated_time_seconds": 972, "infill_density_percent": 20}	\N	\N	\N	/dpp_reports/dpp_job_demo_2585.pdf	\N	\N	\N	\N
2156	prusa_mini_plus_1	\N	2025-11-06 08:40:39.322303+00	2025-11-06 08:56:41.322303+00	962	completed	temperature_tower.gcode	4.00	0.0281	{"object_name": "Temperature Tower", "dimensions_x": 60, "dimensions_y": 70, "dimensions_z": 40, "total_layers": 320, "layer_height_mm": 0.2, "estimated_time_seconds": 962, "infill_density_percent": 15}	\N	\N	\N	/dpp_reports/dpp_job_demo_6917.pdf	\N	\N	\N	\N
2157	bambu_x1_carbon_1	\N	2025-11-06 08:44:30.640109+00	2025-11-06 09:00:51.640109+00	981	completed	demo_model.gcode	4.10	0.0286	{"object_name": "Demo Model", "dimensions_x": 60, "dimensions_y": 70, "dimensions_z": 40, "total_layers": 150, "layer_height_mm": 0.2, "estimated_time_seconds": 981, "infill_density_percent": 18}	\N	\N	\N	/dpp_reports/dpp_job_demo_112.pdf	\N	\N	\N	\N
2158	bambu_p1s_1	\N	2025-11-06 08:46:00.749772+00	2025-11-06 09:02:21.749772+00	981	completed	bracket_mount.gcode	4.10	0.0286	{"object_name": "Bracket Mount", "dimensions_x": 60, "dimensions_y": 70, "dimensions_z": 40, "total_layers": 140, "layer_height_mm": 0.2, "estimated_time_seconds": 981, "infill_density_percent": 35}	\N	\N	\N	/dpp_reports/dpp_job_demo_6907.pdf	\N	\N	\N	\N
2159	prusa_mk4_2	\N	2025-11-06 08:47:40.901208+00	2025-11-06 09:03:51.901208+00	971	completed	prototype_v2.gcode	4.00	0.0283	{"object_name": "Prototype V2", "dimensions_x": 60, "dimensions_y": 70, "dimensions_z": 40, "total_layers": 180, "layer_height_mm": 0.2, "estimated_time_seconds": 971, "infill_density_percent": 25}	\N	\N	\N	/dpp_reports/dpp_job_demo_4624.pdf	\N	\N	\N	\N
2160	artillery_sidewinder_x2_1	\N	2025-11-06 08:52:41.217067+00	2025-11-06 09:08:42.217067+00	961	completed	functional_part.gcode	4.00	0.0280	{"object_name": "Functional Part", "dimensions_x": 60, "dimensions_y": 70, "dimensions_z": 40, "total_layers": 200, "layer_height_mm": 0.15, "estimated_time_seconds": 961, "infill_density_percent": 30}	\N	\N	\N	/dpp_reports/dpp_job_demo_3424.pdf	\N	\N	\N	\N
2161	prusa_mini_plus_1	\N	2025-11-06 09:05:22.3421+00	2025-11-06 09:22:13.3421+00	1011	completed	test_print.gcode	4.20	0.0295	{"object_name": "Test Print", "dimensions_x": 60, "dimensions_y": 70, "dimensions_z": 40, "total_layers": 120, "layer_height_mm": 0.2, "estimated_time_seconds": 1011, "infill_density_percent": 20}	\N	\N	\N	/dpp_reports/dpp_job_demo_8408.pdf	\N	\N	\N	\N
2162	prusa_mk4_2	\N	2025-11-06 09:06:52.456829+00	2025-11-06 09:23:13.456829+00	981	completed	enclosure_part.gcode	4.10	0.0286	{"object_name": "Enclosure Part", "dimensions_x": 60, "dimensions_y": 70, "dimensions_z": 40, "total_layers": 280, "layer_height_mm": 0.15, "estimated_time_seconds": 981, "infill_density_percent": 22}	\N	\N	\N	/dpp_reports/dpp_job_demo_3484.pdf	\N	\N	\N	\N
2163	prusa_mk4_1	\N	2025-11-06 09:07:52.583388+00	2025-11-06 09:24:43.583388+00	1011	completed	calibration_cube.gcode	4.20	0.0295	{"object_name": "Calibration Cube", "dimensions_x": 60, "dimensions_y": 70, "dimensions_z": 40, "total_layers": 100, "layer_height_mm": 0.2, "estimated_time_seconds": 1011, "infill_density_percent": 15}	\N	\N	\N	/dpp_reports/dpp_job_demo_6491.pdf	\N	\N	\N	\N
2164	artillery_sidewinder_x2_1	\N	2025-11-06 09:10:32.849251+00	2025-11-06 09:26:13.849251+00	941	completed	demo_model.gcode	3.90	0.0274	{"object_name": "Demo Model", "dimensions_x": 60, "dimensions_y": 70, "dimensions_z": 40, "total_layers": 150, "layer_height_mm": 0.2, "estimated_time_seconds": 941, "infill_density_percent": 18}	\N	\N	\N	/dpp_reports/dpp_job_demo_2993.pdf	\N	\N	\N	\N
2165	artillery_sidewinder_x2_1	\N	2025-11-06 09:28:14.826784+00	2025-11-06 09:44:45.826784+00	991	completed	prototype_v2.gcode	4.10	0.0289	{"object_name": "Prototype V2", "dimensions_x": 60, "dimensions_y": 70, "dimensions_z": 40, "total_layers": 180, "layer_height_mm": 0.2, "estimated_time_seconds": 991, "infill_density_percent": 25}	\N	\N	\N	/dpp_reports/dpp_job_demo_3053.pdf	\N	\N	\N	\N
2166	voron_24_1	\N	2025-11-06 09:31:44.994378+00	2025-11-06 09:46:15.994378+00	871	completed	enclosure_part.gcode	3.60	0.0254	{"object_name": "Enclosure Part", "dimensions_x": 60, "dimensions_y": 70, "dimensions_z": 40, "total_layers": 280, "layer_height_mm": 0.15, "estimated_time_seconds": 871, "infill_density_percent": 22}	\N	\N	\N	/dpp_reports/dpp_job_demo_5716.pdf	\N	\N	\N	\N
2167	prusa_mini_plus_1	\N	2025-11-06 09:45:26.610514+00	2025-11-06 10:01:17.610514+00	951	completed	demo_model.gcode	4.00	0.0277	{"object_name": "Demo Model", "dimensions_x": 60, "dimensions_y": 70, "dimensions_z": 40, "total_layers": 150, "layer_height_mm": 0.2, "estimated_time_seconds": 951, "infill_density_percent": 18}	\N	\N	\N	/dpp_reports/dpp_job_demo_11.pdf	\N	\N	\N	\N
2168	bambu_x1_carbon_1	\N	2025-11-06 09:48:16.812184+00	2025-11-06 10:03:47.812184+00	931	completed	demo_model.gcode	3.90	0.0272	{"object_name": "Demo Model", "dimensions_x": 60, "dimensions_y": 70, "dimensions_z": 40, "total_layers": 150, "layer_height_mm": 0.2, "estimated_time_seconds": 931, "infill_density_percent": 18}	\N	\N	\N	/dpp_reports/dpp_job_demo_3568.pdf	\N	\N	\N	\N
2169	prusa_mk4_1	\N	2025-11-06 10:06:49.019111+00	2025-11-06 10:23:30.019111+00	1001	completed	calibration_cube.gcode	4.20	0.0292	{"object_name": "Calibration Cube", "dimensions_x": 60, "dimensions_y": 70, "dimensions_z": 40, "total_layers": 100, "layer_height_mm": 0.2, "estimated_time_seconds": 1001, "infill_density_percent": 15}	\N	\N	\N	/dpp_reports/dpp_job_demo_8384.pdf	\N	\N	\N	\N
2170	voron_24_1	\N	2025-11-06 10:11:09.25859+00	2025-11-06 10:26:20.25859+00	911	completed	bracket_mount.gcode	3.80	0.0266	{"object_name": "Bracket Mount", "dimensions_x": 60, "dimensions_y": 70, "dimensions_z": 40, "total_layers": 140, "layer_height_mm": 0.2, "estimated_time_seconds": 911, "infill_density_percent": 35}	\N	\N	\N	/dpp_reports/dpp_job_demo_5376.pdf	\N	\N	\N	\N
2171	creality_ender3_v2_1	\N	2025-11-06 10:13:59.725489+00	2025-11-06 10:31:10.725489+00	1031	completed	prototype_v2.gcode	4.30	0.0301	{"object_name": "Prototype V2", "dimensions_x": 60, "dimensions_y": 70, "dimensions_z": 40, "total_layers": 180, "layer_height_mm": 0.2, "estimated_time_seconds": 1031, "infill_density_percent": 25}	\N	\N	\N	/dpp_reports/dpp_job_demo_5407.pdf	\N	\N	\N	\N
2172	prusa_mk4_1	\N	2025-11-06 10:25:40.580224+00	2025-11-06 10:40:11.580224+00	871	completed	bracket_mount.gcode	3.60	0.0254	{"object_name": "Bracket Mount", "dimensions_x": 60, "dimensions_y": 70, "dimensions_z": 40, "total_layers": 140, "layer_height_mm": 0.2, "estimated_time_seconds": 871, "infill_density_percent": 35}	\N	\N	\N	/dpp_reports/dpp_job_demo_5954.pdf	\N	\N	\N	\N
2173	prusa_mk4_2	\N	2025-11-06 10:34:42.030592+00	2025-11-06 10:50:43.030592+00	961	completed	benchy.gcode	4.00	0.0280	{"object_name": "Benchy", "dimensions_x": 60, "dimensions_y": 70, "dimensions_z": 40, "total_layers": 240, "layer_height_mm": 0.2, "estimated_time_seconds": 961, "infill_density_percent": 20}	\N	\N	\N	/dpp_reports/dpp_job_demo_6228.pdf	\N	\N	\N	\N
2174	voron_24_1	\N	2025-11-06 10:40:22.480023+00	2025-11-06 10:55:53.480023+00	931	completed	enclosure_part.gcode	3.90	0.0272	{"object_name": "Enclosure Part", "dimensions_x": 60, "dimensions_y": 70, "dimensions_z": 40, "total_layers": 280, "layer_height_mm": 0.15, "estimated_time_seconds": 931, "infill_density_percent": 22}	\N	\N	\N	/dpp_reports/dpp_job_demo_2456.pdf	\N	\N	\N	\N
2175	creality_ender3_v2_1	\N	2025-11-06 10:41:32.576063+00	2025-11-06 10:57:13.576063+00	941	completed	bracket_mount.gcode	3.90	0.0274	{"object_name": "Bracket Mount", "dimensions_x": 60, "dimensions_y": 70, "dimensions_z": 40, "total_layers": 140, "layer_height_mm": 0.2, "estimated_time_seconds": 941, "infill_density_percent": 35}	\N	\N	\N	/dpp_reports/dpp_job_demo_4237.pdf	\N	\N	\N	\N
2176	prusa_mini_plus_1	\N	2025-11-06 10:42:32.627803+00	2025-11-06 10:58:03.627803+00	931	completed	bracket_mount.gcode	3.90	0.0272	{"object_name": "Bracket Mount", "dimensions_x": 60, "dimensions_y": 70, "dimensions_z": 40, "total_layers": 140, "layer_height_mm": 0.2, "estimated_time_seconds": 931, "infill_density_percent": 35}	\N	\N	\N	/dpp_reports/dpp_job_demo_6268.pdf	\N	\N	\N	\N
2177	elegoo_neptune4_pro_1	\N	2025-11-06 10:47:33.18332+00	2025-11-06 11:05:04.18332+00	1051	completed	bracket_mount.gcode	4.40	0.0307	{"object_name": "Bracket Mount", "dimensions_x": 60, "dimensions_y": 70, "dimensions_z": 40, "total_layers": 140, "layer_height_mm": 0.2, "estimated_time_seconds": 1051, "infill_density_percent": 35}	\N	\N	\N	/dpp_reports/dpp_job_demo_6607.pdf	\N	\N	\N	\N
\.


ALTER TABLE public.print_jobs ENABLE TRIGGER ALL;

--
-- Name: demo_users_id_seq; Type: SEQUENCE SET; Schema: public; Owner: reg_ml_demo
--

SELECT pg_catalog.setval('public.demo_users_id_seq', 7, true);


--
-- Name: print_jobs_job_id_seq; Type: SEQUENCE SET; Schema: public; Owner: reg_ml_demo
--

SELECT pg_catalog.setval('public.print_jobs_job_id_seq', 2177, true);


--
-- PostgreSQL database dump complete
--

\unrestrict E5NgkLGvzgRNNd2kNSEGKgzWaySEC87QqvcCbaCJT4UWbiVTYmmmJhccqvgHPb2

